{
"type": "FeatureCollection",
"name": "limitecomunal",
"crs": { "type": "name", "properties": { "name": "urn:ogc:def:crs:OGC:1.3:CRS84" } },
"features": [
{ "type": "Feature", "properties": { "OBJECTID": 203, "REGION": "5", "PROVINCIA": "58", "COMUNA": "5803", "NOM_REGION": "REGIÓN DE VALPARAÍSO", "NOM_PROVIN": "MARGA MARGA", "NOM_COMUNA": "OLMUÉ", "SHAPE_Leng": 0.70557898421999998, "SHAPE_Area": 0.02231709871 }, "geometry": { "type": "MultiPolygon", "coordinates": [ [ [ [ -71.118451441001284, -32.955644150138248 ], [ -71.118227997001313, -32.955819119138255 ], [ -71.118020511001291, -32.955958198138255 ], [ -71.117856291001303, -32.956072406138269 ], [ -71.117753438001316, -32.956143937138251 ], [ -71.117632676001321, -32.956273587138234 ], [ -71.117493835001298, -32.956487572138251 ], [ -71.117478046001324, -32.956569398138207 ], [ -71.117477994001305, -32.956569671138247 ], [ -71.117438007001326, -32.956776907138227 ], [ -71.117377937001308, -32.957163135138252 ], [ -71.117370129001287, -32.957341437138233 ], [ -71.117367329001283, -32.95740536713825 ], [ -71.117367376001297, -32.957732826138248 ], [ -71.117366119001289, -32.958028886138216 ], [ -71.1173661180013, -32.95802905613823 ], [ -71.117365832001312, -32.958096620138249 ], [ -71.117393018001323, -32.958461307138251 ], [ -71.117381879001286, -32.958715651138242 ], [ -71.117298908001302, -32.958967756138222 ], [ -71.117254308001336, -32.959029916138199 ], [ -71.117145696001316, -32.959181293138222 ], [ -71.11696428100133, -32.95938182313818 ], [ -71.116812127001296, -32.959571135138219 ], [ -71.116468431001337, -32.959863636138181 ], [ -71.116258810001327, -32.960051160138192 ], [ -71.116077920001302, -32.960239576138221 ], [ -71.115970986001315, -32.960381783138153 ], [ -71.11588602200132, -32.960499998138218 ], [ -71.115698588001322, -32.960688630138222 ], [ -71.115535246001315, -32.96080482513819 ], [ -71.115371374001285, -32.960933130138159 ], [ -71.115193136001295, -32.961060988138215 ], [ -71.115141731001273, -32.961123220138205 ], [ -71.115141214001284, -32.961123846138186 ], [ -71.115056402001272, -32.961226522138155 ], [ -71.114911690001321, -32.961409999138155 ], [ -71.114826587001318, -32.961710549138175 ], [ -71.11484576500132, -32.9619294521382 ], [ -71.114822904001272, -32.962122789138178 ], [ -71.114737837001286, -32.962238175138182 ], [ -71.114700537001312, -32.962288769138141 ], [ -71.114448866001311, -32.962450723138161 ], [ -71.114216871001275, -32.962492007138181 ], [ -71.114214214001294, -32.962492808138201 ], [ -71.113998180001289, -32.962557963138202 ], [ -71.113776304001277, -32.96269658713819 ], [ -71.113669362001275, -32.962838791138161 ], [ -71.113630899001322, -32.96294075313812 ], [ -71.113587969001316, -32.963054561138165 ], [ -71.113507106001322, -32.963258217138147 ], [ -71.113408760001306, -32.963441974138163 ], [ -71.113407901001295, -32.963443579138136 ], [ -71.11333472800132, -32.963580303138151 ], [ -71.113223537001289, -32.96381939913816 ], [ -71.113158015001289, -32.964072033138173 ], [ -71.113158002001313, -32.964074000138147 ], [ -71.113156006001262, -32.964375184138127 ], [ -71.113127829001272, -32.964689634138132 ], [ -71.113023024001293, -32.964947121138131 ], [ -71.112933192001279, -32.965039366138157 ], [ -71.112930526001279, -32.965042104138135 ], [ -71.112698406001257, -32.965280459138135 ], [ -71.112517979001296, -32.965465732138149 ], [ -71.112517024001264, -32.965466712138138 ], [ -71.112495731001289, -32.965488578138121 ], [ -71.112316050001269, -32.9656656991381 ], [ -71.112021128001302, -32.965956418138113 ], [ -71.112018876001301, -32.965958637138122 ], [ -71.111804011001269, -32.966170441138139 ], [ -71.111685872001274, -32.966272167138087 ], [ -71.111504970001263, -32.966427936138089 ], [ -71.111341655001254, -32.966574384138106 ], [ -71.111337822001261, -32.966577821138117 ], [ -71.111081356001264, -32.966807798138134 ], [ -71.110786096001291, -32.967072563138132 ], [ -71.110736699001293, -32.967115522138123 ], [ -71.11073481900128, -32.967117157138091 ], [ -71.110382223001309, -32.967423809138118 ], [ -71.110284674001292, -32.967520590138115 ], [ -71.109991120001283, -32.96781183613809 ], [ -71.109769095001241, -32.968004924138079 ], [ -71.109767940001291, -32.96800592913808 ], [ -71.10972186600128, -32.968045998138102 ], [ -71.10929403400128, -32.968287341138073 ], [ -71.109218366001258, -32.968343441138082 ], [ -71.109011472001271, -32.968496830138101 ], [ -71.108696452001254, -32.968790201138098 ], [ -71.108442092001269, -32.969012698138073 ], [ -71.108158997001283, -32.969234296138062 ], [ -71.108063150001271, -32.96927879213807 ], [ -71.107791817001285, -32.96940475813804 ], [ -71.107426764001275, -32.969526774138082 ], [ -71.107077675001264, -32.969612901138049 ], [ -71.106607256001269, -32.969840778138078 ], [ -71.10606552600126, -32.970054297138084 ], [ -71.105697276001251, -32.970248974138059 ], [ -71.105271552001284, -32.970441856138066 ], [ -71.105205028001251, -32.970480753138048 ], [ -71.104917134001241, -32.970649091138078 ], [ -71.104413177001248, -32.970985063138031 ], [ -71.104123679001219, -32.971188259138067 ], [ -71.103586719001257, -32.971620220138057 ], [ -71.103373727001255, -32.971863684138043 ], [ -71.103299975001264, -32.972028584138059 ], [ -71.10329628800126, -32.972226337138068 ], [ -71.103295702001262, -32.972257776138065 ], [ -71.10311571100128, -32.972842556138055 ], [ -71.103113568001248, -32.973218455138039 ], [ -71.103103339001265, -32.973451037138005 ], [ -71.103103238001253, -32.973453325138045 ], [ -71.103102382001268, -32.97347279313805 ], [ -71.10302123600124, -32.973719173138008 ], [ -71.103019354001248, -32.973724886138022 ], [ -71.103009476001233, -32.97374010113802 ], [ -71.10281871100122, -32.974033942137986 ], [ -71.102655861001253, -32.97413800513803 ], [ -71.102556483001237, -32.974195901138025 ], [ -71.102316324001237, -32.974333569137983 ], [ -71.102194212001265, -32.974439741138021 ], [ -71.102181677001255, -32.974450640138024 ], [ -71.101802210001239, -32.974899643137995 ], [ -71.101357291001207, -32.975201061137973 ], [ -71.101205532001217, -32.975295835137963 ], [ -71.101205304001226, -32.975295978137979 ], [ -71.101061386001234, -32.97538585613799 ], [ -71.100853292001219, -32.97553701413797 ], [ -71.100671805001213, -32.975737515138022 ], [ -71.100411008001259, -32.976105327137986 ], [ -71.100096464001197, -32.976386560138003 ], [ -71.100014426001252, -32.976429929137943 ], [ -71.099776426001227, -32.976555748137955 ], [ -71.099419104001214, -32.976635404137987 ], [ -71.099287852001254, -32.976645820138003 ], [ -71.099286054001226, -32.976645963137962 ], [ -71.099157470001245, -32.976656169137982 ], [ -71.098934848001221, -32.976684461137999 ], [ -71.098623919001255, -32.976673323137952 ], [ -71.097973331001199, -32.976667893137957 ], [ -71.097753576001196, -32.976765168138002 ], [ -71.097627452001248, -32.97682099713797 ], [ -71.097402271001215, -32.977145265137985 ], [ -71.097270451001236, -32.977335090137942 ], [ -71.097217882001203, -32.977363051137935 ], [ -71.097213990001208, -32.977365121137993 ], [ -71.096710551001195, -32.977632892137976 ], [ -71.096629637001229, -32.977638856137943 ], [ -71.0962486030012, -32.977666943137955 ], [ -71.095712674001234, -32.977747190137954 ], [ -71.095389613001188, -32.977894738137969 ], [ -71.095037279001176, -32.978053495137971 ], [ -71.094660697001189, -32.97812562813796 ], [ -71.09460193200124, -32.978136885137957 ], [ -71.094171391001225, -32.978111273137948 ], [ -71.094107857001234, -32.978109283137975 ], [ -71.094107159001226, -32.978109261137959 ], [ -71.093769053001211, -32.978098671137936 ], [ -71.09350987300121, -32.978102680137944 ], [ -71.093002728001238, -32.978243614137952 ], [ -71.093000009001216, -32.978244370137965 ], [ -71.092999604001193, -32.978244456137965 ], [ -71.092506115001186, -32.978350173137962 ], [ -71.092262323001179, -32.978431613137928 ], [ -71.092261784001195, -32.978431793137958 ], [ -71.092141006001199, -32.978472140137931 ], [ -71.091716416001177, -32.978611134137921 ], [ -71.09149861000121, -32.97868243613798 ], [ -71.091212828001218, -32.978776942137955 ], [ -71.091210576001217, -32.978777687137963 ], [ -71.090929124001192, -32.978870761137934 ], [ -71.090757684001218, -32.978906947137979 ], [ -71.090478868001171, -32.978965796137928 ], [ -71.08991884400119, -32.979126125137974 ], [ -71.089915924001204, -32.979126961137936 ], [ -71.089900643001201, -32.979131336137932 ], [ -71.089404927001212, -32.979106903137911 ], [ -71.089356342001196, -32.979087434137931 ], [ -71.089110892001173, -32.978989081137932 ], [ -71.088468277001169, -32.978714765137923 ], [ -71.087919472001175, -32.978280737137965 ], [ -71.087457562001163, -32.977978536137968 ], [ -71.087456034001178, -32.977977537137967 ], [ -71.087455169001174, -32.977977134137952 ], [ -71.086957062001176, -32.977745635137957 ], [ -71.086453689001161, -32.977414514137969 ], [ -71.086049831001176, -32.977110771137973 ], [ -71.085602869001164, -32.976805673137967 ], [ -71.08537885300116, -32.976665236137976 ], [ -71.085371690001196, -32.97666227913799 ], [ -71.084997317001196, -32.976507724137996 ], [ -71.084681205001189, -32.976497800137977 ], [ -71.084378925001161, -32.976500437137986 ], [ -71.084035681001197, -32.976453275137963 ], [ -71.083797837001171, -32.976300271137987 ], [ -71.083746487001193, -32.976254447138004 ], [ -71.083691056001186, -32.976204981137997 ], [ -71.083690000001155, -32.976204039137997 ], [ -71.08358963600115, -32.976114476137973 ], [ -71.083448785001181, -32.976115361138014 ], [ -71.083300767001177, -32.976220118137981 ], [ -71.083260113001131, -32.976254447137997 ], [ -71.083221490001179, -32.976287061138009 ], [ -71.083219563001151, -32.976288689137959 ], [ -71.083172254001184, -32.976328641137982 ], [ -71.083054811001162, -32.976408460137975 ], [ -71.083024139001182, -32.976429307138012 ], [ -71.082790552001157, -32.976530620137964 ], [ -71.082788683001127, -32.976531431137971 ], [ -71.08278753000117, -32.976532043137979 ], [ -71.082383857001162, -32.976746459137964 ], [ -71.082142049001163, -32.976851840138004 ], [ -71.081910923001161, -32.976948866138002 ], [ -71.081695204001164, -32.976981352137948 ], [ -71.081545124001153, -32.977030071137953 ], [ -71.081244599001138, -32.977104142137975 ], [ -71.081044248001149, -32.977153522137975 ], [ -71.080876879001153, -32.977203938137947 ], [ -71.080527493001171, -32.977262553137969 ], [ -71.080146970001195, -32.977278430137957 ], [ -71.07986662400117, -32.977269617138006 ], [ -71.079554525001114, -32.977231968137964 ], [ -71.079292514001153, -32.977181973137967 ], [ -71.079112959001165, -32.977134571138002 ], [ -71.078766034001134, -32.977137582137964 ], [ -71.078515595001122, -32.977199302137983 ], [ -71.078504453001116, -32.977209596137989 ], [ -71.078326195001168, -32.977374292137988 ], [ -71.078204606001179, -32.977509659137972 ], [ -71.078126951001124, -32.977771677137952 ], [ -71.078098843001143, -32.97786834213796 ], [ -71.078098548001137, -32.977869359137948 ], [ -71.077990591001125, -32.978240635137958 ], [ -71.077858539001156, -32.978612294137953 ], [ -71.077731281001149, -32.979248566137933 ], [ -71.077621130001134, -32.979871455137925 ], [ -71.077496331001143, -32.980452128137919 ], [ -71.077356268001139, -32.981004481137916 ], [ -71.077206485001156, -32.981403419137905 ], [ -71.076962058001115, -32.981701948137925 ], [ -71.076457455001133, -32.981908774137906 ], [ -71.075907684001123, -32.982016745137891 ], [ -71.075210102001151, -32.982106143137898 ], [ -71.07464506900115, -32.982185790137905 ], [ -71.074210738001156, -32.982297387137891 ], [ -71.073690867001162, -32.982475883137887 ], [ -71.073217388001154, -32.98272543413789 ], [ -71.072972078001115, -32.982828384137896 ], [ -71.072847172001133, -32.982880803137867 ], [ -71.072423781001106, -32.9831180081379 ], [ -71.07194474700114, -32.983492649137901 ], [ -71.071688735001118, -32.983679450137885 ], [ -71.071345491001154, -32.983868541137902 ], [ -71.071282448001142, -32.983903271137898 ], [ -71.070946440001094, -32.984031873137909 ], [ -71.070507164001086, -32.984254653137903 ], [ -71.069939032001116, -32.98440377413791 ], [ -71.069570653001122, -32.984517433137846 ], [ -71.069221595001139, -32.984586867137864 ], [ -71.06908744700111, -32.984613552137901 ], [ -71.068805230001104, -32.984646411137874 ], [ -71.068649876001089, -32.984636260137854 ], [ -71.068393545001086, -32.984619511137872 ], [ -71.068302791001102, -32.984602628137857 ], [ -71.06803318500107, -32.984552473137867 ], [ -71.067521313001137, -32.984550250137893 ], [ -71.066738778001081, -32.984692594137876 ], [ -71.066351779001081, -32.984796405137836 ], [ -71.066349085001079, -32.98479712813787 ], [ -71.066320921001079, -32.984804683137902 ], [ -71.065948305001086, -32.984827723137883 ], [ -71.065511571001082, -32.984806984137911 ], [ -71.065421934001108, -32.984790048137882 ], [ -71.065290472001095, -32.98476521013788 ], [ -71.064736443001095, -32.984707516137867 ], [ -71.064730423001095, -32.984706889137904 ], [ -71.064715103001106, -32.984705294137889 ], [ -71.064174570001114, -32.984604721137885 ], [ -71.064124243001118, -32.984590665137894 ], [ -71.063668877001078, -32.98446348813787 ], [ -71.063642542001091, -32.984457855137876 ], [ -71.063621214001088, -32.984453293137861 ], [ -71.063210808001074, -32.984365512137877 ], [ -71.063076033001067, -32.984327273137872 ], [ -71.062493196001057, -32.984161907137896 ], [ -71.062339988001085, -32.984132843137857 ], [ -71.062333461001103, -32.984131605137868 ], [ -71.061788989001101, -32.98402831713787 ], [ -71.061296844001092, -32.983943109137911 ], [ -71.061198989001056, -32.983926167137909 ], [ -71.060458712001065, -32.983861023137877 ], [ -71.060031160001046, -32.983819677137909 ], [ -71.059714930001093, -32.983800139137891 ], [ -71.059709017001097, -32.983799774137879 ], [ -71.059570010001067, -32.983791186137879 ], [ -71.059257282001084, -32.983767383137909 ], [ -71.058997436001079, -32.983755529137859 ], [ -71.058784379001082, -32.983807780137866 ], [ -71.058783607001061, -32.983807969137857 ], [ -71.058073378001069, -32.984022256137848 ], [ -71.057954224001065, -32.984102003137892 ], [ -71.057751991001084, -32.9841930411379 ], [ -71.057599852001061, -32.984271745137882 ], [ -71.057409202001082, -32.984344687137877 ], [ -71.057406501001054, -32.984345720137888 ], [ -71.057331033001077, -32.984374595137872 ], [ -71.057027991001078, -32.984504201137902 ], [ -71.056753601001063, -32.984732145137869 ], [ -71.056511569001046, -32.984842053137861 ], [ -71.056467050001075, -32.984862270137867 ], [ -71.056131023001072, -32.98499083013786 ], [ -71.055796850001073, -32.985077690137864 ], [ -71.055525753001078, -32.985151193137867 ], [ -71.055525211001068, -32.985151340137854 ], [ -71.055429074001069, -32.985177407137883 ], [ -71.055111394001031, -32.985264789137879 ], [ -71.054810204001072, -32.985352691137841 ], [ -71.054703256001076, -32.985393606137833 ], [ -71.054440569001045, -32.985494102137856 ], [ -71.053868693001064, -32.985726543137851 ], [ -71.053331658001014, -32.985918328137856 ], [ -71.05279152200103, -32.986179606137817 ], [ -71.052437753001016, -32.986335431137888 ], [ -71.051897613001017, -32.986596705137828 ], [ -71.051597148001065, -32.986738678137861 ], [ -71.05159393700103, -32.986740195137884 ], [ -71.051242023001066, -32.986854319137848 ], [ -71.050786818001029, -32.987062604137833 ], [ -71.050723665001044, -32.987090419137843 ], [ -71.050616362001051, -32.987137679137817 ], [ -71.050550966001026, -32.987166483137806 ], [ -71.050211823001064, -32.987364522137817 ], [ -71.049920915001039, -32.987591924137838 ], [ -71.049834841001029, -32.987642185137851 ], [ -71.049717427001028, -32.987710747137854 ], [ -71.049312310001014, -32.987906694137806 ], [ -71.049005526001039, -32.988119673137817 ], [ -71.048866144001053, -32.988282281137828 ], [ -71.048787722001066, -32.988379681137829 ], [ -71.048731659001007, -32.988449312137796 ], [ -71.048715153001055, -32.988469812137815 ], [ -71.048691297001014, -32.98849944113784 ], [ -71.048468834001028, -32.988673334137793 ], [ -71.048164523001034, -32.988830714137819 ], [ -71.04811502300106, -32.988858204137784 ], [ -71.047927426001024, -32.988962387137818 ], [ -71.047658583001052, -32.989065214137831 ], [ -71.047531820001026, -32.989098152137792 ], [ -71.047528731001009, -32.989098955137841 ], [ -71.047324390001037, -32.989152053137779 ], [ -71.047241926001035, -32.989149438137808 ], [ -71.047135862001014, -32.989155609137811 ], [ -71.046849728001064, -32.989258543137794 ], [ -71.046843848001046, -32.98926065813783 ], [ -71.046801702001062, -32.989275820137834 ], [ -71.046400608000994, -32.989429227137819 ], [ -71.045940096001033, -32.989651943137801 ], [ -71.045507706001018, -32.9898755491378 ], [ -71.04502118800103, -32.990049973137779 ], [ -71.044595140001022, -32.990131386137811 ], [ -71.04417141200102, -32.990174072137783 ], [ -71.044057673001006, -32.990185530137786 ], [ -71.04323793600102, -32.990254446137818 ], [ -71.042759883001011, -32.99023927313781 ], [ -71.042570814001039, -32.990241234137777 ], [ -71.042196412001005, -32.990245118137793 ], [ -71.041655994000976, -32.990154244137791 ], [ -71.041101981000978, -32.990130573137833 ], [ -71.041086545001022, -32.990130717137774 ], [ -71.04031445000102, -32.990137898137789 ], [ -71.040270000001016, -32.990134274137795 ], [ -71.040267814000998, -32.990134096137794 ], [ -71.039717342000998, -32.990089222137833 ], [ -71.03936047100099, -32.990060131137781 ], [ -71.039195795000978, -32.990036588137791 ], [ -71.039193709000998, -32.990036290137823 ], [ -71.03874853900102, -32.989972647137776 ], [ -71.038333437000986, -32.98993834913778 ], [ -71.038252389001016, -32.989931652137763 ], [ -71.037539855001, -32.989818253137791 ], [ -71.037536440000977, -32.9898177101378 ], [ -71.037121440001002, -32.989751662137792 ], [ -71.037054929000988, -32.989734080137794 ], [ -71.036509159000957, -32.989589806137815 ], [ -71.036056788000963, -32.989447752137828 ], [ -71.036054588000979, -32.98944706113781 ], [ -71.035821804000975, -32.989373963137822 ], [ -71.034982710000975, -32.989090365137827 ], [ -71.03484291100095, -32.989044335137798 ], [ -71.034344437000968, -32.98888020913779 ], [ -71.034035599000958, -32.988782395137832 ], [ -71.034034320000956, -32.988781990137809 ], [ -71.034011245001011, -32.988774682137837 ], [ -71.03328166600096, -32.988695266137839 ], [ -71.032247124000989, -32.988552429137847 ], [ -71.032114819000967, -32.988555180137851 ], [ -71.031366961000955, -32.988570732137823 ], [ -71.031363513000983, -32.988570803137812 ], [ -71.031003949000976, -32.988578279137826 ], [ -71.030894189000989, -32.988580561137852 ], [ -71.03064491700097, -32.988598009137831 ], [ -71.03064435700098, -32.988598048137831 ], [ -71.030283770000992, -32.988623287137763 ], [ -71.029961991000931, -32.988645810137839 ], [ -71.029820754000966, -32.988661885137795 ], [ -71.029820000000981, -32.988661971137802 ], [ -71.029496424000953, -32.98869880113778 ], [ -71.029317667000996, -32.988717684137839 ], [ -71.029235806000983, -32.988726332137787 ], [ -71.028950970000992, -32.988796427137807 ], [ -71.028832502000938, -32.988804234137838 ], [ -71.028826605000944, -32.988804623137831 ], [ -71.028549813000978, -32.988822864137838 ], [ -71.02853892300098, -32.98882358213779 ], [ -71.028280000000933, -32.988810806137806 ], [ -71.028276081000939, -32.98881061213779 ], [ -71.028164672000941, -32.988805115137843 ], [ -71.027650790000934, -32.988813463137838 ], [ -71.027584085000939, -32.9888145471378 ], [ -71.027548616000914, -32.988815123137847 ], [ -71.027509501000935, -32.988815759137836 ], [ -71.027419441000944, -32.988818427137801 ], [ -71.027360799000945, -32.988820165137845 ], [ -71.027207276000951, -32.988828258137808 ], [ -71.027270925000977, -32.988983427137818 ], [ -71.027371075000957, -32.989227580137815 ], [ -71.027372105000978, -32.989230090137823 ], [ -71.027386879000943, -32.989266108137819 ], [ -71.027367203000978, -32.98937431313783 ], [ -71.027327577000932, -32.98959223613781 ], [ -71.027249976000945, -32.990018994137813 ], [ -71.027249794000937, -32.990019995137786 ], [ -71.027246770000971, -32.99003662713784 ], [ -71.027122507000939, -32.990397874137777 ], [ -71.027121761000927, -32.990400043137782 ], [ -71.027045724000942, -32.990621096137815 ], [ -71.027006398000964, -32.990735417137763 ], [ -71.026975516000931, -32.990825195137795 ], [ -71.026944753000947, -32.990914629137805 ], [ -71.026897904000947, -32.991377224137771 ], [ -71.026891730000983, -32.991514809137769 ], [ -71.026891648000941, -32.991516621137784 ], [ -71.026871051000938, -32.991975628137794 ], [ -71.026878817000949, -32.992099127137791 ], [ -71.026917040000939, -32.992707020137743 ], [ -71.026916785000964, -32.992738928137804 ], [ -71.026916759000954, -32.992742273137772 ], [ -71.026912190000957, -32.993314540137774 ], [ -71.026911395000937, -32.993414237137742 ], [ -71.026869315000937, -32.993840720137769 ], [ -71.026863532000931, -32.993899329137768 ], [ -71.026868680000945, -32.99393782613776 ], [ -71.026874086000959, -32.993978256137787 ], [ -71.02699417100095, -32.994876337137768 ], [ -71.027019274000935, -32.995064074137744 ], [ -71.027021730000939, -32.995092354137711 ], [ -71.027050970000943, -32.995428965137741 ], [ -71.027072493000929, -32.995676734137732 ], [ -71.027088951000934, -32.995762588137751 ], [ -71.027221965000962, -32.996456480137695 ], [ -71.027234822000963, -32.996987979137721 ], [ -71.02723474800095, -32.996988382137722 ], [ -71.027229091000962, -32.997019007137681 ], [ -71.027228744000951, -32.997020885137722 ], [ -71.027084329000928, -32.997802809137681 ], [ -71.02706522400095, -32.997906253137685 ], [ -71.027037766000973, -32.998372489137672 ], [ -71.026970000000944, -32.998743009137677 ], [ -71.026967363000978, -32.998751575137696 ], [ -71.026966951000958, -32.998752915137672 ], [ -71.026845805000931, -32.999146569137658 ], [ -71.026845288000942, -32.999530543137709 ], [ -71.02684495300096, -32.999779715137699 ], [ -71.026844920000968, -32.999803944137653 ], [ -71.026844746000933, -32.999933611137656 ], [ -71.026807841000931, -33.000329178137655 ], [ -71.026794783000952, -33.000469142137682 ], [ -71.02676820600098, -33.000754002137654 ], [ -71.026763829000942, -33.000949479137667 ], [ -71.026744013000979, -33.001834584137676 ], [ -71.026799087000967, -33.002944744137665 ], [ -71.026728387000915, -33.003938253137598 ], [ -71.026768024000972, -33.004499007137639 ], [ -71.026808508000983, -33.005071739137598 ], [ -71.026712115000947, -33.005402587137645 ], [ -71.026712030000937, -33.005402878137623 ], [ -71.02659129600093, -33.005817268137619 ], [ -71.025849649000946, -33.006523548137579 ], [ -71.025212700000921, -33.006918857137578 ], [ -71.024778646000939, -33.007110611137577 ], [ -71.024438674000933, -33.007248637137579 ], [ -71.024409869000934, -33.007259868137552 ], [ -71.024407239000951, -33.007260893137556 ], [ -71.024008828000959, -33.007416227137561 ], [ -71.023779707000941, -33.007608669137589 ], [ -71.023517971000913, -33.007833762137558 ], [ -71.023474137000917, -33.007880016137555 ], [ -71.023289948000937, -33.008074370137564 ], [ -71.023150514000932, -33.008229217137533 ], [ -71.023121152000968, -33.008272708137582 ], [ -71.022947684000954, -33.008529648137575 ], [ -71.022729919000952, -33.008802212137546 ], [ -71.022486748000929, -33.009052112137532 ], [ -71.02221906800095, -33.009282371137559 ], [ -71.02195736800094, -33.009512820137516 ], [ -71.021705396000939, -33.009748086137513 ], [ -71.021431962000932, -33.009981699137555 ], [ -71.021123030000922, -33.010227629137532 ], [ -71.021099836000928, -33.010250333137542 ], [ -71.020964533000949, -33.010382783137523 ], [ -71.0207402740009, -33.010740401137525 ], [ -71.020734734000939, -33.010749236137542 ], [ -71.020725409000931, -33.010764106137508 ], [ -71.020571278000943, -33.011036554137526 ], [ -71.020485066000901, -33.011110398137532 ], [ -71.020380878000935, -33.011255759137541 ], [ -71.02035173400094, -33.011309531137549 ], [ -71.019922380000935, -33.012101705137511 ], [ -71.019709070000943, -33.012526263137516 ], [ -71.019611936000913, -33.012719593137525 ], [ -71.01956098100095, -33.013411071137476 ], [ -71.019706454000925, -33.014356358137505 ], [ -71.019765957000914, -33.014998374137463 ], [ -71.019724126000938, -33.015236992137481 ], [ -71.019721663000951, -33.015251041137446 ], [ -71.019667217000915, -33.015561621137465 ], [ -71.01955269900094, -33.016084615137459 ], [ -71.019445716000916, -33.016573187137432 ], [ -71.019441974000927, -33.01659028213745 ], [ -71.019347796000943, -33.017020379137449 ], [ -71.019346215000951, -33.017238797137409 ], [ -71.019345499000906, -33.017337635137466 ], [ -71.019407615000944, -33.017553462137442 ], [ -71.019453882000903, -33.017701284137402 ], [ -71.019467253000926, -33.017759553137417 ], [ -71.019467463000936, -33.017760466137432 ], [ -71.0195438500009, -33.018093340137412 ], [ -71.019591371000899, -33.018273181137438 ], [ -71.019627314000914, -33.018409208137449 ], [ -71.019701891000921, -33.018753327137418 ], [ -71.01980047500092, -33.019105088137394 ], [ -71.019893897000941, -33.01943605813738 ], [ -71.019908254000939, -33.019756420137405 ], [ -71.019921864000935, -33.020076759137368 ], [ -71.019932162000941, -33.020396992137407 ], [ -71.01993257700093, -33.020478108137382 ], [ -71.019615165000914, -33.021260970137376 ], [ -71.018961892000902, -33.022252704137394 ], [ -71.018892564000907, -33.022377526137369 ], [ -71.01889243100095, -33.022377765137399 ], [ -71.01869633900094, -33.02273082113738 ], [ -71.018270350000932, -33.023699402137368 ], [ -71.017743814000923, -33.024438728137326 ], [ -71.01756474700089, -33.024947568137321 ], [ -71.017612015000893, -33.025348345137317 ], [ -71.017612149000897, -33.025349751137334 ], [ -71.017661925000937, -33.025874569137315 ], [ -71.017662210000921, -33.02587756913735 ], [ -71.017657086000952, -33.025891940137299 ], [ -71.017656689000944, -33.025893055137352 ], [ -71.017501505000936, -33.026328366137321 ], [ -71.017500954000909, -33.026329914137328 ], [ -71.01725701400089, -33.026717126137335 ], [ -71.01725058800092, -33.026727326137291 ], [ -71.0172249360009, -33.026768044137327 ], [ -71.017045141000935, -33.027246770137332 ], [ -71.016887421000931, -33.027646847137312 ], [ -71.016758398000945, -33.027773273137285 ], [ -71.016691589000914, -33.027838738137277 ], [ -71.016343725000922, -33.028051166137281 ], [ -71.016069262000926, -33.028348729137299 ], [ -71.016042873000899, -33.028402461137318 ], [ -71.015959928000939, -33.028571344137248 ], [ -71.015915558000913, -33.028925419137281 ], [ -71.015828119000886, -33.02927215813731 ], [ -71.015724793000899, -33.029602809137288 ], [ -71.015600433000941, -33.029900713137273 ], [ -71.01551605500093, -33.030213412137265 ], [ -71.015433172000925, -33.03052615913726 ], [ -71.015312996000944, -33.030833207137213 ], [ -71.015166081000928, -33.031125882137268 ], [ -71.015018321000909, -33.031423037137252 ], [ -71.014893003000893, -33.031725414137263 ], [ -71.014786176000939, -33.032032889137277 ], [ -71.014698589000929, -33.032345484137231 ], [ -71.014639426000926, -33.032663494137225 ], [ -71.014614342000925, -33.032982595137227 ], [ -71.014607750000934, -33.033306792137211 ], [ -71.014605313000899, -33.03362661713723 ], [ -71.01458898700092, -33.033945998137227 ], [ -71.014553781000913, -33.034211445137224 ], [ -71.014547332000902, -33.034260062137221 ], [ -71.014488276000904, -33.034578075137205 ], [ -71.014421098000909, -33.034895829137227 ], [ -71.014352639000933, -33.035213541137196 ], [ -71.014287693000924, -33.035526860137175 ], [ -71.014223184000912, -33.03584470013719 ], [ -71.014155364000942, -33.036162432137196 ], [ -71.014080375000887, -33.036475429137177 ], [ -71.013993420000915, -33.036788045137207 ], [ -71.013943008000894, -33.036926107137141 ], [ -71.013631332000926, -33.03738922913719 ], [ -71.013207170000939, -33.037920790137164 ], [ -71.013045862000908, -33.038122941137161 ], [ -71.012927752000877, -33.038229173137168 ], [ -71.012305749000902, -33.038788619137136 ], [ -71.011977743000941, -33.03902306913713 ], [ -71.011897440000936, -33.039080469137112 ], [ -71.011654142000893, -33.039254371137147 ], [ -71.011374003000896, -33.039408481137144 ], [ -71.011105633000895, -33.039556117137153 ], [ -71.010818237000919, -33.039714219137124 ], [ -71.010681847000896, -33.039820245137172 ], [ -71.010659784000921, -33.039837396137116 ], [ -71.010300535000894, -33.040116666137116 ], [ -71.010067019000914, -33.040323967137105 ], [ -71.010065327000888, -33.040325471137123 ], [ -71.00969799700087, -33.04065156313716 ], [ -71.009620299000872, -33.040709110137122 ], [ -71.009208181000901, -33.041014348137132 ], [ -71.009028928000888, -33.041108012137151 ], [ -71.008962224000882, -33.041142866137129 ], [ -71.008830000000913, -33.041230004137098 ], [ -71.008714500000863, -33.041462614137117 ], [ -71.008700869000862, -33.041493201137136 ], [ -71.008574294000908, -33.041777236137122 ], [ -71.008480906000912, -33.04198679713712 ], [ -71.00834255500088, -33.042284255137119 ], [ -71.008342194000889, -33.042285030137101 ], [ -71.008247577000887, -33.042488459137111 ], [ -71.008241913000887, -33.042534223137118 ], [ -71.008231331000857, -33.04261970513712 ], [ -71.008206469000896, -33.04282056113712 ], [ -71.008191254000877, -33.042847107137078 ], [ -71.008075733000865, -33.043154295137086 ], [ -71.007954432000886, -33.043456792137086 ], [ -71.007859291000926, -33.043644471137114 ], [ -71.007858142000899, -33.043646737137074 ], [ -71.007803845000893, -33.043753845137097 ], [ -71.007627701000857, -33.04404106713708 ], [ -71.007397840000891, -33.044290522137089 ], [ -71.007124761000867, -33.04451606313706 ], [ -71.006854380000874, -33.044707923137089 ], [ -71.006853774000902, -33.044708353137082 ], [ -71.006827078000882, -33.044727297137065 ], [ -71.006510827000866, -33.044901891137108 ], [ -71.00616797400086, -33.045030574137051 ], [ -71.006025926000873, -33.04505850013711 ], [ -71.005793587000881, -33.045104176137016 ], [ -71.005484754000875, -33.045181561137085 ], [ -71.005426932000887, -33.045196050137079 ], [ -71.005242883000861, -33.045258892137085 ], [ -71.005077112000905, -33.045315494137071 ], [ -71.00473117800091, -33.045453086137044 ], [ -71.0043841650009, -33.045586136137025 ], [ -71.004187151000849, -33.045661648137049 ], [ -71.004037044000896, -33.04571918213707 ], [ -71.003765313000898, -33.045819699137091 ], [ -71.003743194000904, -33.045827881137072 ], [ -71.003689591000864, -33.045847710137068 ], [ -71.003338175000863, -33.045971604137087 ], [ -71.003125252000885, -33.046022383137064 ], [ -71.002971824000895, -33.04605897413704 ], [ -71.002957625000889, -33.046063024137055 ], [ -71.00254123600088, -33.046297108137054 ], [ -71.002514916000862, -33.046311903137038 ], [ -71.002176693000877, -33.04650204313706 ], [ -71.001883174000852, -33.046695196137058 ], [ -71.00132276500085, -33.047063976137032 ], [ -71.001322247000871, -33.047067591137065 ], [ -71.001306744000885, -33.04717581513701 ], [ -71.001298433000898, -33.04723383213701 ], [ -71.001290113000877, -33.047291909137044 ], [ -71.001269565000868, -33.04743534113706 ], [ -71.001265638000859, -33.04746275613703 ], [ -71.001234790000865, -33.047678086137033 ], [ -71.001243991000862, -33.047733002137043 ], [ -71.001260176000855, -33.047829604137036 ], [ -71.001302521000866, -33.048082355137012 ], [ -71.001307317000851, -33.048110981137036 ], [ -71.00131676700083, -33.048167387137028 ], [ -71.001339639000889, -33.048256386137041 ], [ -71.001383985000857, -33.048428939137025 ], [ -71.001384091000887, -33.048429353137024 ], [ -71.001363406000834, -33.048592438137014 ], [ -71.001357785000891, -33.048613031137002 ], [ -71.001351955000871, -33.048634390137032 ], [ -71.001319681000894, -33.048752631137013 ], [ -71.001312422000865, -33.048779225137018 ], [ -71.001296237000872, -33.048838521137043 ], [ -71.001232477000869, -33.048967154137024 ], [ -71.00118318800088, -33.049066593137013 ], [ -71.001182857000856, -33.049067261137004 ], [ -71.001175845000887, -33.049081408137013 ], [ -71.001112217000852, -33.049304107137004 ], [ -71.001118648000897, -33.049588330136991 ], [ -71.001181139000892, -33.050074056136999 ], [ -71.001295443000856, -33.050272871136983 ], [ -71.001434260000849, -33.05051432313698 ], [ -71.001496847000837, -33.05062318413701 ], [ -71.00195725100086, -33.050991682136996 ], [ -71.002520471000892, -33.051172738137012 ], [ -71.002885303000895, -33.051290019136992 ], [ -71.002905398000863, -33.051296901136993 ], [ -71.003276923000897, -33.051362890136964 ], [ -71.003648887000864, -33.051433399136982 ], [ -71.003651599000875, -33.051433978136998 ], [ -71.00365474200089, -33.051434649136993 ], [ -71.003847598000846, -33.051475820136979 ], [ -71.004017201000863, -33.051534434136975 ], [ -71.004781692000847, -33.051798634136993 ], [ -71.004880336000909, -33.051832724136972 ], [ -71.004956848000859, -33.051859166136992 ], [ -71.005327862000854, -33.051987385136961 ], [ -71.005455015000862, -33.05208842413699 ], [ -71.005794641000875, -33.052358300136987 ], [ -71.006107929000848, -33.052557583136945 ], [ -71.007110964000859, -33.053211522136941 ], [ -71.007299060000918, -33.053356416136971 ], [ -71.007315499000896, -33.053369078136924 ], [ -71.007702961000874, -33.053667547136953 ], [ -71.007914097000892, -33.053998722136932 ], [ -71.007998834000915, -33.054979163136956 ], [ -71.008029351000872, -33.056448982136914 ], [ -71.008131172000859, -33.057051497136932 ], [ -71.008374373000905, -33.057383699136892 ], [ -71.008420921000919, -33.057440008136908 ], [ -71.008595903000881, -33.057651686136921 ], [ -71.008680497000867, -33.05775862013688 ], [ -71.008821735000893, -33.057937158136895 ], [ -71.009093958000861, -33.058165665136912 ], [ -71.009298537000873, -33.058355109136912 ], [ -71.009418777000889, -33.05861015713689 ], [ -71.009534886000907, -33.058831157136915 ], [ -71.009640210000924, -33.058955187136895 ], [ -71.009656813000873, -33.058974739136872 ], [ -71.009812066000862, -33.059129837136865 ], [ -71.00982500300087, -33.059168231136852 ], [ -71.009863201000911, -33.059281599136881 ], [ -71.00989508600091, -33.059425640136887 ], [ -71.0098784390009, -33.059533075136905 ], [ -71.009870136000899, -33.059586658136865 ], [ -71.00985267000091, -33.059722519136912 ], [ -71.009849450000871, -33.059747572136899 ], [ -71.009847232000894, -33.059764823136874 ], [ -71.009842150000864, -33.059877301136879 ], [ -71.009836051000903, -33.06001227613686 ], [ -71.00983627800089, -33.060014741136875 ], [ -71.009843500000912, -33.060093030136848 ], [ -71.009872584000874, -33.060224413136879 ], [ -71.0098753860009, -33.060237071136868 ], [ -71.009907636000918, -33.060397167136863 ], [ -71.009940983000902, -33.06060543113685 ], [ -71.01006840000089, -33.060887233136853 ], [ -71.010081572000871, -33.060916367136841 ], [ -71.010131315000905, -33.06112749113688 ], [ -71.010187131000876, -33.061364391136856 ], [ -71.010185630000905, -33.061717771136834 ], [ -71.0101444400009, -33.061993990136841 ], [ -71.010139381000926, -33.06202791913681 ], [ -71.010123472000913, -33.062134604136865 ], [ -71.010099986000881, -33.062292105136855 ], [ -71.010087040000911, -33.06237891913684 ], [ -71.010044563000875, -33.062663772136808 ], [ -71.009829293000877, -33.063106338136805 ], [ -71.009828118000897, -33.063108753136859 ], [ -71.009718708000918, -33.063333685136833 ], [ -71.009282447000899, -33.063810821136805 ], [ -71.009086750000876, -33.064070383136794 ], [ -71.008820385000902, -33.064313332136827 ], [ -71.008792691000863, -33.064338591136817 ], [ -71.008757467000891, -33.064370719136804 ], [ -71.008770181000926, -33.064670102136816 ], [ -71.00915253800089, -33.064937575136831 ], [ -71.009195207000872, -33.064941564136817 ], [ -71.009851168000893, -33.065002883136806 ], [ -71.009885951000882, -33.065006134136809 ], [ -71.009898523000871, -33.065010026136804 ], [ -71.010632673000927, -33.065237318136781 ], [ -71.01064147600087, -33.065243189136787 ], [ -71.012044859000895, -33.06617917513676 ], [ -71.012459850000909, -33.066381438136773 ], [ -71.012470169000935, -33.066386469136788 ], [ -71.012470245000912, -33.066386506136766 ], [ -71.012470322000908, -33.06638654313678 ], [ -71.012657837000901, -33.066478629136775 ], [ -71.012774580000922, -33.066535961136744 ], [ -71.012944178000879, -33.066586448136775 ], [ -71.012971004000903, -33.066593960136785 ], [ -71.012973971000903, -33.066594790136769 ], [ -71.013125851000922, -33.066637321136803 ], [ -71.013332211000915, -33.06673404113679 ], [ -71.013671719000882, -33.066785461136803 ], [ -71.014528534000917, -33.067123057136769 ], [ -71.014529560000923, -33.067123460136756 ], [ -71.01469232600094, -33.067187592136804 ], [ -71.015178546000911, -33.067376500136774 ], [ -71.01542531700089, -33.067472377136738 ], [ -71.015505957000912, -33.067592576136782 ], [ -71.015774383000917, -33.067992686136762 ], [ -71.015914628000914, -33.068100804136783 ], [ -71.015995064000947, -33.068166767136788 ], [ -71.015995669000901, -33.068167265136736 ], [ -71.016331989000946, -33.068443070136738 ], [ -71.016969520000927, -33.068886996136726 ], [ -71.017291603000885, -33.069225904136729 ], [ -71.017291641000938, -33.069225944136775 ], [ -71.017291679000948, -33.06922598413675 ], [ -71.017446472000913, -33.069388862136769 ], [ -71.01784984500091, -33.069775734136748 ], [ -71.017961312000921, -33.070225359136707 ], [ -71.017781178000902, -33.070517857136743 ], [ -71.017779920000905, -33.070519900136709 ], [ -71.017593949000897, -33.070821875136758 ], [ -71.017669349000926, -33.071090753136708 ], [ -71.017683194000938, -33.071140125136701 ], [ -71.017800080000924, -33.071400034136715 ], [ -71.018015110000917, -33.071583284136729 ], [ -71.018039658000916, -33.071599552136711 ], [ -71.01823656700094, -33.071730041136739 ], [ -71.018262658000936, -33.071780711136725 ], [ -71.018263404000948, -33.071782160136685 ], [ -71.018273262000946, -33.071801305136695 ], [ -71.01828107700095, -33.071816485136708 ], [ -71.018384967000941, -33.0720182461367 ], [ -71.018557122000914, -33.072283005136732 ], [ -71.018602595000928, -33.072352938136753 ], [ -71.018612336000899, -33.072367919136717 ], [ -71.018770946000942, -33.072630367136725 ], [ -71.019015553000941, -33.072899452136681 ], [ -71.019298486000935, -33.073175947136704 ], [ -71.019310091000932, -33.073184329136687 ], [ -71.019327801000941, -33.07319712213669 ], [ -71.019657332000918, -33.073435149136706 ], [ -71.01984068300095, -33.073519462136687 ], [ -71.019994725000913, -33.073590298136672 ], [ -71.020275461000949, -33.073770456136678 ], [ -71.020417224000937, -33.073897378136706 ], [ -71.020460480000907, -33.073936104136713 ], [ -71.020602710000901, -33.074148590136708 ], [ -71.020667874000935, -33.074245943136724 ], [ -71.020832304000919, -33.074415320136673 ], [ -71.020834540000919, -33.0744176241367 ], [ -71.020882786000925, -33.074467321136702 ], [ -71.021104426000932, -33.074837628136663 ], [ -71.021120809000934, -33.074865001136672 ], [ -71.021241290000944, -33.075128063136653 ], [ -71.021340425000929, -33.075238762136664 ], [ -71.021343934000924, -33.075242680136682 ], [ -71.021474536000937, -33.075388517136645 ], [ -71.021708529000932, -33.07559120613665 ], [ -71.021739172000935, -33.07561775113669 ], [ -71.022012669000915, -33.075842761136691 ], [ -71.022131116000949, -33.075931094136621 ], [ -71.022131435000929, -33.075931333136651 ], [ -71.022296715000962, -33.076054592136671 ], [ -71.022586417000937, -33.076262096136674 ], [ -71.022676570000968, -33.076326805136638 ], [ -71.022875480000963, -33.076469579136671 ], [ -71.023124030000943, -33.076724122136682 ], [ -71.023133326000917, -33.076733643136635 ], [ -71.023145468000919, -33.076743997136674 ], [ -71.023318173000931, -33.076891258136683 ], [ -71.023605846000933, -33.077110137136671 ], [ -71.023638537000934, -33.077135011136612 ], [ -71.023976871000926, -33.077330287136654 ], [ -71.024069227000965, -33.077396763136647 ], [ -71.024238739000921, -33.077518773136624 ], [ -71.024472110000957, -33.077744057136627 ], [ -71.024492361000924, -33.077763608136607 ], [ -71.024687937000934, -33.07787127913663 ], [ -71.024691067000916, -33.077873003136638 ], [ -71.024704899000952, -33.07788061813666 ], [ -71.025251176000964, -33.077992204136599 ], [ -71.025411405000924, -33.078008379136641 ], [ -71.025662303000928, -33.07803370813663 ], [ -71.025675900000934, -33.078040097136657 ], [ -71.02567730900094, -33.078040760136609 ], [ -71.025966832000933, -33.078176815136615 ], [ -71.026108719000973, -33.078365752136641 ], [ -71.026202705000941, -33.07866328413661 ], [ -71.026211566000967, -33.078691334136636 ], [ -71.026263390000935, -33.079286777136637 ], [ -71.02626328300093, -33.079288424136607 ], [ -71.026249291000937, -33.079503837136599 ], [ -71.026265272000984, -33.079784655136628 ], [ -71.026253412000955, -33.080072322136608 ], [ -71.026253013000968, -33.080081992136613 ], [ -71.02639387800096, -33.080400933136602 ], [ -71.026572707000952, -33.080674051136583 ], [ -71.02657343000098, -33.080675154136557 ], [ -71.026591589000958, -33.080702888136585 ], [ -71.02675226200094, -33.081053630136594 ], [ -71.026752308000965, -33.081053743136628 ], [ -71.026752353000944, -33.081053858136585 ], [ -71.026859054000937, -33.081326914136618 ], [ -71.026859087000929, -33.081327000136604 ], [ -71.026859120000978, -33.081327087136586 ], [ -71.026873877000952, -33.081364851136613 ], [ -71.027052337000981, -33.0816590871366 ], [ -71.027178138000949, -33.081942859136596 ], [ -71.027183119000966, -33.081954098136606 ], [ -71.027334593000973, -33.082306238136539 ], [ -71.027335537000937, -33.082308431136539 ], [ -71.027344351000949, -33.082328922136604 ], [ -71.027616514000982, -33.082549356136582 ], [ -71.027917287000975, -33.082769324136585 ], [ -71.028156127000983, -33.083036681136569 ], [ -71.028171857000956, -33.08305428913657 ], [ -71.028467436000966, -33.083255268136561 ], [ -71.028602309000945, -33.083357206136569 ], [ -71.028605281000949, -33.083359452136548 ], [ -71.02875867700098, -33.083475389136524 ], [ -71.029313641000996, -33.083863089136578 ], [ -71.029316148000973, -33.083864840136584 ], [ -71.029317252000936, -33.083865546136558 ], [ -71.029377285000962, -33.083903922136585 ], [ -71.029392475000947, -33.083913633136547 ], [ -71.029409095000958, -33.083924257136594 ], [ -71.029409338000946, -33.083924415136543 ], [ -71.029623574000979, -33.084062610136584 ], [ -71.029644524000943, -33.084075747136559 ], [ -71.029665612000983, -33.084088970136563 ], [ -71.029771874000957, -33.084155601136544 ], [ -71.029951904000981, -33.084365900136547 ], [ -71.030211871000958, -33.084680799136535 ], [ -71.030267067000963, -33.084910958136547 ], [ -71.030273952000968, -33.084939670136563 ], [ -71.030276377000959, -33.084949783136544 ], [ -71.030313132000956, -33.085302802136525 ], [ -71.030344712000982, -33.085807869136509 ], [ -71.030249172000978, -33.086725909136561 ], [ -71.030270233000962, -33.087642049136505 ], [ -71.030689011000945, -33.088944488136484 ], [ -71.030801596000956, -33.089692120136512 ], [ -71.030826686000964, -33.089858729136459 ], [ -71.031077155000943, -33.090379693136477 ], [ -71.031078147000969, -33.090381756136424 ], [ -71.031357576000957, -33.090962949136454 ], [ -71.032000575000978, -33.091868948136444 ], [ -71.032268396000958, -33.09264601613642 ], [ -71.032292244000971, -33.09271521213644 ], [ -71.03352285100101, -33.093808008136399 ], [ -71.034860294000964, -33.094473537136402 ], [ -71.03549505800099, -33.095019605136379 ], [ -71.036130581000961, -33.095598389136413 ], [ -71.036196614000971, -33.095613894136349 ], [ -71.036197295000989, -33.095614054136384 ], [ -71.036912543000994, -33.095781998136374 ], [ -71.036995478000961, -33.095830380136363 ], [ -71.037622050001005, -33.096195907136391 ], [ -71.037740473001008, -33.096313018136421 ], [ -71.03775535100101, -33.096327732136402 ], [ -71.038198851000971, -33.096766315136378 ], [ -71.038338366000986, -33.096904283136361 ], [ -71.038810942000978, -33.097262927136377 ], [ -71.038813577001008, -33.097264927136386 ], [ -71.038971654000989, -33.097384894136368 ], [ -71.03978797200098, -33.097371533136339 ], [ -71.039911194000993, -33.09733712013638 ], [ -71.040908462000999, -33.097058603136396 ], [ -71.041645520001026, -33.096981066136379 ], [ -71.041734247001003, -33.096993147136381 ], [ -71.041735632001021, -33.096993336136386 ], [ -71.042074625000978, -33.097039497136372 ], [ -71.042398573000995, -33.097124525136394 ], [ -71.042661493001006, -33.097193535136384 ], [ -71.043013512000996, -33.097386188136376 ], [ -71.043396870001033, -33.097568107136382 ], [ -71.043910638000995, -33.097923818136344 ], [ -71.045053573001027, -33.098580150136385 ], [ -71.045883030001022, -33.098713825136336 ], [ -71.046471146001039, -33.098774713136329 ], [ -71.046474477000999, -33.098775057136358 ], [ -71.046565199001051, -33.098784450136378 ], [ -71.04696174800101, -33.098696108136338 ], [ -71.047010028001054, -33.098684655136331 ], [ -71.047406508001018, -33.098590606136341 ], [ -71.047800973001017, -33.098608245136369 ], [ -71.047808312001038, -33.098608573136374 ], [ -71.047941766001017, -33.098614541136342 ], [ -71.048508647001015, -33.098744331136366 ], [ -71.048805485001012, -33.098739450136385 ], [ -71.048945965001039, -33.09873714113634 ], [ -71.049604901001018, -33.098644475136346 ], [ -71.049885018001007, -33.098566222136384 ], [ -71.049891749001063, -33.098564376136338 ], [ -71.049895829001045, -33.098563257136355 ], [ -71.050329393001036, -33.098444350136347 ], [ -71.05037402400103, -33.098446074136383 ], [ -71.050978302001056, -33.09846942713633 ], [ -71.050982830001033, -33.098469602136348 ], [ -71.052037111001027, -33.098510341136347 ], [ -71.052275668001016, -33.098557084136381 ], [ -71.052730522001013, -33.098646210136359 ], [ -71.053440897001053, -33.098675419136356 ], [ -71.054121167001043, -33.098664207136352 ], [ -71.054548764001041, -33.098657157136373 ], [ -71.054562656001067, -33.098660712136358 ], [ -71.054969310001027, -33.098764781136339 ], [ -71.055302964001058, -33.098898386136369 ], [ -71.055783154001077, -33.099062303136371 ], [ -71.05579004200105, -33.09906545613633 ], [ -71.056171309001073, -33.099240012136335 ], [ -71.056543839001066, -33.099372972136351 ], [ -71.05657116100106, -33.099373262136361 ], [ -71.056572764001046, -33.09937327913633 ], [ -71.056971300001081, -33.099377519136354 ], [ -71.057146749001063, -33.099379385136345 ], [ -71.057755983001044, -33.099376350136318 ], [ -71.057759505001087, -33.099376333136334 ], [ -71.057856367001051, -33.099375850136333 ], [ -71.058431457001092, -33.099439996136326 ], [ -71.058695638001069, -33.099585812136361 ], [ -71.058805708001074, -33.099646566136379 ], [ -71.059376998001056, -33.09996443813634 ], [ -71.059413492001084, -33.10001229413632 ], [ -71.059632734001042, -33.100299798136348 ], [ -71.059686182001059, -33.100394740136302 ], [ -71.059697216001069, -33.1004143391363 ], [ -71.05972401600107, -33.100461945136324 ], [ -71.059995191001093, -33.100833871136331 ], [ -71.060089688001057, -33.100914974136337 ], [ -71.060322580001042, -33.101114857136338 ], [ -71.060791544001091, -33.10121347813633 ], [ -71.060890436001088, -33.101240786136302 ], [ -71.060892440001098, -33.101241339136308 ], [ -71.061182953001079, -33.101321562136306 ], [ -71.061634942001078, -33.101549964136296 ], [ -71.061684704001081, -33.101575111136363 ], [ -71.061961788001085, -33.101783279136313 ], [ -71.06225831000107, -33.101991124136333 ], [ -71.062310323001086, -33.101992565136335 ], [ -71.062336675001106, -33.101993295136275 ], [ -71.062627993001101, -33.102001370136328 ], [ -71.063035020001095, -33.101945535136309 ], [ -71.063525689001082, -33.101724656136341 ], [ -71.064007784001078, -33.101553015136339 ], [ -71.064274349001082, -33.101401129136292 ], [ -71.064362773001108, -33.10135074613634 ], [ -71.064701410001078, -33.101233395136305 ], [ -71.064709955001092, -33.101230434136298 ], [ -71.064998635001075, -33.101102908136347 ], [ -71.065298230001076, -33.100940803136332 ], [ -71.065303269001106, -33.100938076136337 ], [ -71.065373057001125, -33.100900315136364 ], [ -71.066220394001107, -33.100342110136346 ], [ -71.066649096001072, -33.099966774136362 ], [ -71.066892193001081, -33.09955360113635 ], [ -71.067071283001084, -33.099313329136386 ], [ -71.067425489001081, -33.099078334136337 ], [ -71.067917444001139, -33.098706036136356 ], [ -71.068303482001113, -33.098360346136367 ], [ -71.068311374001098, -33.098353278136372 ], [ -71.068336414001124, -33.098330855136354 ], [ -71.068802245001123, -33.097881251136371 ], [ -71.069016364001087, -33.097476738136351 ], [ -71.069223255001091, -33.097178722136384 ], [ -71.069353937001111, -33.096947433136386 ], [ -71.069448479001096, -33.096837966136363 ], [ -71.069590547001113, -33.096673469136356 ], [ -71.069790634001095, -33.096571476136361 ], [ -71.069792282001131, -33.096570636136384 ], [ -71.069955607001077, -33.096487383136378 ], [ -71.070296240001085, -33.096385481136373 ], [ -71.070361068001091, -33.096366087136374 ], [ -71.070623044001096, -33.096361734136394 ], [ -71.070645021001113, -33.096361368136407 ], [ -71.071080183001087, -33.096354137136395 ], [ -71.071284630001131, -33.096383931136415 ], [ -71.071684988001124, -33.096442277136411 ], [ -71.072507043001139, -33.096674090136389 ], [ -71.073274252001141, -33.097054101136379 ], [ -71.073749163001111, -33.097406241136383 ], [ -71.073774386001134, -33.097419390136366 ], [ -71.073800832001112, -33.097433177136359 ], [ -71.074083798001112, -33.097580692136354 ], [ -71.074330679001122, -33.097742814136353 ], [ -71.074399769001133, -33.097788185136359 ], [ -71.074840046001142, -33.098320918136359 ], [ -71.075197584001131, -33.098642275136349 ], [ -71.0755356890011, -33.098963955136377 ], [ -71.076105876001151, -33.099232670136367 ], [ -71.076196821001105, -33.09928714713638 ], [ -71.076717248001131, -33.09959889113636 ], [ -71.077208157001138, -33.099803459136361 ], [ -71.077241778001138, -33.099813119136343 ], [ -71.077246035001153, -33.099814342136284 ], [ -71.077638835001139, -33.099927203136353 ], [ -71.078068286001155, -33.100092501136317 ], [ -71.078168620001179, -33.100131120136325 ], [ -71.079167963001154, -33.100458125136349 ], [ -71.079873068001163, -33.100675474136317 ], [ -71.080466571001168, -33.101107435136328 ], [ -71.080785120001181, -33.101485371136313 ], [ -71.08080663300116, -33.10151089513635 ], [ -71.081088388001149, -33.1019153281363 ], [ -71.081200238001159, -33.10204075213634 ], [ -71.08120723300118, -33.102048596136321 ], [ -71.081447892001165, -33.102318461136321 ], [ -71.081765826001188, -33.102607729136281 ], [ -71.081771882001149, -33.102612408136316 ], [ -71.082211451001172, -33.102952141136271 ], [ -71.082550757001172, -33.103322877136307 ], [ -71.08277228500117, -33.103646485136274 ], [ -71.083051737001142, -33.10395275713627 ], [ -71.08359867900117, -33.104058171136266 ], [ -71.083812874001197, -33.104070954136262 ], [ -71.084359431001147, -33.104160005136293 ], [ -71.084926972001156, -33.104314163136287 ], [ -71.085422177001149, -33.10469864813625 ], [ -71.085876193001141, -33.10498562713628 ], [ -71.086150223001155, -33.105207261136265 ], [ -71.086272673001147, -33.105306298136263 ], [ -71.086596544001182, -33.105419814136255 ], [ -71.086597363001175, -33.105420101136303 ], [ -71.086762861001162, -33.105478109136293 ], [ -71.087583488001172, -33.105644382136269 ], [ -71.08867585200116, -33.105789729136276 ], [ -71.089222424001179, -33.105878757136267 ], [ -71.089713008001169, -33.106066915136289 ], [ -71.08996356100117, -33.106410743136252 ], [ -71.08996470900118, -33.10641231913624 ], [ -71.090054680001217, -33.106535783136273 ], [ -71.09018021800118, -33.106910083136214 ], [ -71.090442191001202, -33.107133710136246 ], [ -71.090537459001197, -33.107215033136264 ], [ -71.090553607001183, -33.107225467136232 ], [ -71.090932415001177, -33.107470253136221 ], [ -71.091343618001176, -33.107561206136232 ], [ -71.091755870001222, -33.107660278136223 ], [ -71.092102156001189, -33.107763428136195 ], [ -71.092469486001207, -33.107876002136223 ], [ -71.09283218400121, -33.10799164913626 ], [ -71.093169128001179, -33.108098363136222 ], [ -71.093485130001227, -33.108225167136204 ], [ -71.093835999001215, -33.108389973136234 ], [ -71.09420010600121, -33.108585954136238 ], [ -71.094430440001176, -33.108744007136231 ], [ -71.094547709001233, -33.108824478136214 ], [ -71.094794756001193, -33.109022936136228 ], [ -71.094970985001225, -33.109169957136196 ], [ -71.09532507300122, -33.109445292136222 ], [ -71.095416161001182, -33.109516121136195 ], [ -71.095713219001183, -33.109740752136247 ], [ -71.095953516001202, -33.109926692136227 ], [ -71.096198663001203, -33.110168150136239 ], [ -71.096473282001242, -33.11040438013621 ], [ -71.096748719001212, -33.110622179136179 ], [ -71.097098787001201, -33.110805409136212 ], [ -71.097459693001227, -33.110909004136161 ], [ -71.09787305600122, -33.110983483136209 ], [ -71.098073642001239, -33.111005625136187 ], [ -71.098221244001209, -33.111021919136242 ], [ -71.098603151001228, -33.111104280136161 ], [ -71.098605978001231, -33.111104890136197 ], [ -71.09860669300123, -33.111105059136172 ], [ -71.099029077001205, -33.111205330136187 ], [ -71.099330847001255, -33.11128395113618 ], [ -71.099712065001228, -33.111424342136189 ], [ -71.100023376001232, -33.111552663136152 ], [ -71.100317685001215, -33.111674358136177 ], [ -71.100449965001218, -33.11172905613617 ], [ -71.100823579001229, -33.111908728136143 ], [ -71.101088325001243, -33.112078113136143 ], [ -71.101188933001225, -33.112142482136186 ], [ -71.101451825001249, -33.112303863136177 ], [ -71.101813583001245, -33.112473031136197 ], [ -71.101814156001254, -33.112473299136198 ], [ -71.101816989001264, -33.112474604136153 ], [ -71.10200975900122, -33.112563409136172 ], [ -71.102377736001216, -33.112737960136151 ], [ -71.102751795001254, -33.112907760136174 ], [ -71.103028816001228, -33.113015238136143 ], [ -71.103287597001241, -33.113136965136164 ], [ -71.103491010001264, -33.113234911136132 ], [ -71.103672777001279, -33.113330033136151 ], [ -71.103898393001245, -33.113433964136163 ], [ -71.104133441001267, -33.113510513136184 ], [ -71.104353902001236, -33.113545090136135 ], [ -71.104623930001225, -33.113574301136161 ], [ -71.10462696400127, -33.113574886136171 ], [ -71.10462911200122, -33.113575301136152 ], [ -71.104795128001271, -33.113607336136162 ], [ -71.104924663001256, -33.113652905136149 ], [ -71.105084293001255, -33.113761687136162 ], [ -71.105191910001267, -33.113931112136179 ], [ -71.105215592001272, -33.114139426136127 ], [ -71.105195168001259, -33.114415549136105 ], [ -71.105213386001239, -33.114561420136141 ], [ -71.105318257001258, -33.114793031136145 ], [ -71.105571530001257, -33.115015449136088 ], [ -71.105818425001232, -33.115196151136146 ], [ -71.106217661001253, -33.115464650136154 ], [ -71.10656885700125, -33.115703967136099 ], [ -71.106978443001239, -33.115924354136119 ], [ -71.107251199001269, -33.116078186136129 ], [ -71.107294131001254, -33.116107441136101 ], [ -71.107346979001235, -33.1161434541361 ], [ -71.107683589001269, -33.1163407981361 ], [ -71.108017149001284, -33.116607237136137 ], [ -71.108164738001292, -33.116694978136088 ], [ -71.108172731001275, -33.116699730136133 ], [ -71.108201421001255, -33.116716786136131 ], [ -71.108442558001286, -33.116841951136124 ], [ -71.108659977001253, -33.116945618136135 ], [ -71.108851850001258, -33.117069242136097 ], [ -71.109043722001275, -33.117192865136147 ], [ -71.109168384001308, -33.11734898313609 ], [ -71.109221284001265, -33.117454424136092 ], [ -71.109245165001255, -33.117486473136118 ], [ -71.109353243001308, -33.117631526136108 ], [ -71.109404312001303, -33.11777842313608 ], [ -71.10957305400126, -33.118053543136121 ], [ -71.109767041001248, -33.118315613136126 ], [ -71.109867886001282, -33.118416225136102 ], [ -71.110003303001292, -33.118551329136075 ], [ -71.110186971001269, -33.118674695136107 ], [ -71.110215460001257, -33.118681643136057 ], [ -71.110238202001256, -33.118687190136043 ], [ -71.110349665001266, -33.118714377136058 ], [ -71.110513053001299, -33.118712836136105 ], [ -71.110698479001258, -33.118728738136085 ], [ -71.110849296001277, -33.118737997136108 ], [ -71.110850000001278, -33.118738040136108 ], [ -71.110928084001301, -33.118742834136093 ], [ -71.11117776700128, -33.118674527136051 ], [ -71.11130943700131, -33.118627746136063 ], [ -71.11142836600132, -33.118585492136084 ], [ -71.111574792001264, -33.118534912136084 ], [ -71.111612056001277, -33.118522040136071 ], [ -71.111778715001293, -33.118471895136082 ], [ -71.112083286001294, -33.118416225136109 ], [ -71.112101991001296, -33.118412806136099 ], [ -71.112225926001287, -33.118389694136091 ], [ -71.112292674001267, -33.118377248136071 ], [ -71.112637856001257, -33.118292259136112 ], [ -71.112641675001285, -33.118291319136119 ], [ -71.112691677001308, -33.118279008136071 ], [ -71.113201081001264, -33.11810118613613 ], [ -71.113671255001307, -33.117880622136092 ], [ -71.114331193001277, -33.117645224136055 ], [ -71.114822950001297, -33.117494520136106 ], [ -71.115297674001312, -33.117357122136134 ], [ -71.115773006001319, -33.117205901136131 ], [ -71.116288477001291, -33.117076688136088 ], [ -71.11664429000129, -33.116932113136095 ], [ -71.116878763001338, -33.116835643136085 ], [ -71.116880715001329, -33.116834831136089 ], [ -71.11689348800131, -33.116829526136094 ], [ -71.117188654001311, -33.116706931136108 ], [ -71.117515574001331, -33.116564911136102 ], [ -71.117932813001332, -33.116425707136109 ], [ -71.118024252001291, -33.116397783136129 ], [ -71.118241181001324, -33.116331540136116 ], [ -71.118648078001328, -33.116240445136114 ], [ -71.118940021001308, -33.116145765136082 ], [ -71.119156851001307, -33.116076417136142 ], [ -71.11920085100131, -33.116052490136127 ], [ -71.119208284001317, -33.116048448136098 ], [ -71.119325327001306, -33.115984803136087 ], [ -71.119487113001298, -33.115858384136139 ], [ -71.119573944001331, -33.115790535136135 ], [ -71.119699990001322, -33.115692045136107 ], [ -71.119797713001333, -33.115601198136133 ], [ -71.119798741001304, -33.115600242136118 ], [ -71.119880022001325, -33.115524681136122 ], [ -71.120161017001351, -33.115305111136109 ], [ -71.120356860001323, -33.115152077136123 ], [ -71.120595278001304, -33.114965774136145 ], [ -71.120598057001303, -33.114964013136131 ], [ -71.120730604001324, -33.114880044136115 ], [ -71.12089877200134, -33.114795338136148 ], [ -71.121040484001298, -33.114751322136151 ], [ -71.121263086001306, -33.114737501136155 ], [ -71.121492986001329, -33.114744667136144 ], [ -71.121653373001323, -33.114769800136131 ], [ -71.121713459001342, -33.114779216136156 ], [ -71.121866422001347, -33.114853173136133 ], [ -71.122035245001314, -33.114966115136127 ], [ -71.122037275001333, -33.114967473136147 ], [ -71.122229826001316, -33.115096289136119 ], [ -71.122474632001357, -33.115325329136127 ], [ -71.122635505001327, -33.115593267136113 ], [ -71.12277083700134, -33.115881169136138 ], [ -71.122873325001322, -33.116168045136149 ], [ -71.122962735001366, -33.116378405136139 ], [ -71.12315007000133, -33.116605653136105 ], [ -71.123335578001345, -33.116687543136102 ], [ -71.123344020001312, -33.116690207136131 ], [ -71.123542372001353, -33.116752797136087 ], [ -71.123883889001334, -33.116839546136156 ], [ -71.124082466001326, -33.116885875136113 ], [ -71.124094585001345, -33.11688870213613 ], [ -71.124188724001343, -33.1169106661361 ], [ -71.124423636001339, -33.116981494136105 ], [ -71.124605296001349, -33.117075089136101 ], [ -71.124605549001345, -33.117075317136077 ], [ -71.124683459001346, -33.117145920136124 ], [ -71.124773674001361, -33.117274714136109 ], [ -71.12488578800135, -33.117645651136108 ], [ -71.124897674001332, -33.117959430136104 ], [ -71.124960387001366, -33.118285598136055 ], [ -71.125025948001351, -33.11854701313608 ], [ -71.125118583001338, -33.118776849136083 ], [ -71.125365123001316, -33.119011477136063 ], [ -71.125577932001335, -33.119136982136098 ], [ -71.125805465001378, -33.119219717136083 ], [ -71.126252454001317, -33.119276861136058 ], [ -71.126546963001346, -33.119296837136069 ], [ -71.126970198001374, -33.119310010136097 ], [ -71.127226705001334, -33.11931799413609 ], [ -71.127572989001379, -33.119328770136093 ], [ -71.127930201001377, -33.119383115136067 ], [ -71.128157265001363, -33.119476638136092 ], [ -71.128508788001369, -33.119660490136042 ], [ -71.128760080001356, -33.11978718813608 ], [ -71.128863223001346, -33.119810316136089 ], [ -71.129039870001392, -33.119849927136059 ], [ -71.129461213001363, -33.11990626313608 ], [ -71.129959511001388, -33.119964991136072 ], [ -71.130471109001377, -33.120013322136082 ], [ -71.130852558001379, -33.120100834136061 ], [ -71.130941377001363, -33.120132315136075 ], [ -71.130947414001341, -33.120134455136082 ], [ -71.131320467001387, -33.120266684136041 ], [ -71.131901914001375, -33.120479289136036 ], [ -71.132064333001381, -33.120539902136059 ], [ -71.132280997001359, -33.120620759136052 ], [ -71.132736561001352, -33.120775413136087 ], [ -71.13279619300134, -33.120786558136039 ], [ -71.132813062001389, -33.120789711136069 ], [ -71.133360755001377, -33.120892076136066 ], [ -71.133643483001379, -33.120919723136083 ], [ -71.133846710001379, -33.120939596136054 ], [ -71.134345017001408, -33.120998308136073 ], [ -71.134844272001374, -33.121035431136036 ], [ -71.135113138001387, -33.121054589136079 ], [ -71.135168608001393, -33.121059659136044 ], [ -71.135172258001376, -33.121059992136075 ], [ -71.135471313001403, -33.121087327136031 ], [ -71.135664173001388, -33.121082510136048 ], [ -71.135831853001392, -33.121066103136052 ], [ -71.136081458001399, -33.121041102136068 ], [ -71.136081467001375, -33.121040940136034 ], [ -71.136082930001422, -33.121014015136048 ], [ -71.136233756001403, -33.120659742136084 ], [ -71.136390716001372, -33.120309873136044 ], [ -71.136414540001411, -33.120256499136097 ], [ -71.136548904001373, -33.119955472136049 ], [ -71.136638851001422, -33.11977625013607 ], [ -71.136640034001431, -33.11977389213606 ], [ -71.136722373001376, -33.119609828136063 ], [ -71.136957863001413, -33.119294682136093 ], [ -71.137256820001383, -33.119014516136119 ], [ -71.137385657001417, -33.118889371136099 ], [ -71.137545064001372, -33.11873453413606 ], [ -71.137805873001369, -33.11842796813611 ], [ -71.138064000001421, -33.118121449136062 ], [ -71.138306846001427, -33.117806173136088 ], [ -71.138322447001386, -33.117782466136127 ], [ -71.138507302001372, -33.11750156013612 ], [ -71.138508551001408, -33.117499662136076 ], [ -71.138522918001428, -33.117477830136124 ], [ -71.138701839001399, -33.117136598136078 ], [ -71.138732506001389, -33.11706140913612 ], [ -71.138846289001407, -33.116782433136109 ], [ -71.138967088001408, -33.116419654136124 ], [ -71.139004617001405, -33.116294530136095 ], [ -71.139012859001383, -33.116267051136106 ], [ -71.13907583600141, -33.116057083136148 ], [ -71.139172423001398, -33.115690212136087 ], [ -71.139250936001389, -33.115323651136165 ], [ -71.13928647300142, -33.115134528136117 ], [ -71.139320634001393, -33.114952732136125 ], [ -71.139391671001391, -33.114581791136153 ], [ -71.139474424001406, -33.114210648136165 ], [ -71.139489067001392, -33.114147760136149 ], [ -71.139489304001387, -33.11414674313616 ], [ -71.139560858001431, -33.113839442136147 ], [ -71.139630329001392, -33.113473035136167 ], [ -71.139663432001413, -33.11309823713615 ], [ -71.139657816001403, -33.11272861113617 ], [ -71.139642581001425, -33.112524681136158 ], [ -71.139629557001427, -33.112350357136172 ], [ -71.139596722001414, -33.111976690136153 ], [ -71.139577049001417, -33.11160730613615 ], [ -71.139572219001394, -33.111228650136205 ], [ -71.139567878001429, -33.110974585136169 ], [ -71.139567813001435, -33.110970753136172 ], [ -71.139565828001395, -33.110854529136212 ], [ -71.139529093001414, -33.110471911136237 ], [ -71.139498491001433, -33.1100936971362 ], [ -71.139533486001397, -33.109727884136227 ], [ -71.139687622001404, -33.109387076136201 ], [ -71.139918731001416, -33.10905847313618 ], [ -71.139933729001413, -33.109036323136195 ], [ -71.140141137001407, -33.108730019136203 ], [ -71.140313233001422, -33.108384394136216 ], [ -71.140484993001436, -33.108038774136212 ], [ -71.140498845001417, -33.108019014136232 ], [ -71.140708950001439, -33.107719309136208 ], [ -71.1409891220014, -33.107425932136209 ], [ -71.14129248900143, -33.107150190136252 ], [ -71.141564202001447, -33.106917164136256 ], [ -71.14156515600142, -33.106916346136259 ], [ -71.141609016001425, -33.106878731136263 ], [ -71.141967796001424, -33.106665158136217 ], [ -71.142395578001398, -33.106563118136222 ], [ -71.142826263001425, -33.106456518136255 ], [ -71.143206895001398, -33.106260602136238 ], [ -71.14358006100143, -33.10604677713625 ], [ -71.143990331001419, -33.105926998136262 ], [ -71.14407852200145, -33.105918288136245 ], [ -71.144432583001446, -33.105883318136229 ], [ -71.144881747001421, -33.10584853313626 ], [ -71.145306998001445, -33.105793304136256 ], [ -71.145308805001434, -33.105793069136247 ], [ -71.145321996001428, -33.10579135613623 ], [ -71.145759240001439, -33.105720703136257 ], [ -71.146194363001428, -33.105645578136247 ], [ -71.146623917001421, -33.105548002136267 ], [ -71.147052802001454, -33.105450436136231 ], [ -71.147490382001436, -33.105366246136263 ], [ -71.147579179001426, -33.105361089136274 ], [ -71.147932063001477, -33.105340597136248 ], [ -71.148370585001445, -33.105405177136248 ], [ -71.148812013001432, -33.10545167013629 ], [ -71.148995964001429, -33.105446648136251 ], [ -71.148999235001455, -33.105446559136269 ], [ -71.149260383001462, -33.105439429136261 ], [ -71.14970249800146, -33.10544532713628 ], [ -71.150108859001449, -33.10559161413628 ], [ -71.150530737001432, -33.105715089136247 ], [ -71.150958075001441, -33.105856502136284 ], [ -71.151383807001451, -33.105822099136248 ], [ -71.151777586001486, -33.105616912136263 ], [ -71.151957542001441, -33.105293680136278 ], [ -71.151962695001444, -33.105241570136265 ], [ -71.151995950001464, -33.104905260136256 ], [ -71.151973108001457, -33.104531425136258 ], [ -71.151927481001493, -33.10426263213629 ], [ -71.151927052001469, -33.104260106136287 ], [ -71.151909769001506, -33.104158289136237 ], [ -71.151828468001469, -33.103789972136276 ], [ -71.151778207001442, -33.103607161136274 ], [ -71.151728534001464, -33.103426486136307 ], [ -71.15162313800144, -33.10305858513631 ], [ -71.151530236001491, -33.102694976136284 ], [ -71.151442244001458, -33.10232677413628 ], [ -71.151305387001486, -33.101972943136296 ], [ -71.151155478001471, -33.101619337136349 ], [ -71.15100088500148, -33.101265810136319 ], [ -71.150850084001462, -33.100916727136308 ], [ -71.150704196001442, -33.100563051136348 ], [ -71.15055462500149, -33.100209438136346 ], [ -71.150427114001474, -33.099907284136343 ], [ -71.150405394001467, -33.099855817136358 ], [ -71.150262409001442, -33.099497581136369 ], [ -71.150130581001491, -33.099143661136345 ], [ -71.150014708001464, -33.098784957136367 ], [ -71.149926618001444, -33.098412246136334 ], [ -71.149920508001486, -33.098329585136383 ], [ -71.149904650001446, -33.098115059136333 ], [ -71.14989865800149, -33.098033990136344 ], [ -71.149966069001465, -33.097667614136405 ], [ -71.150116804001442, -33.097313327136384 ], [ -71.150139939001491, -33.097263852136351 ], [ -71.15028259700145, -33.096958779136372 ], [ -71.150392059001447, -33.096600696136356 ], [ -71.150398784001453, -33.09623085813638 ], [ -71.150366807001461, -33.095852671136399 ], [ -71.150378780001489, -33.095478234136429 ], [ -71.150436154001468, -33.095098505136392 ], [ -71.15050874100146, -33.094894596136399 ], [ -71.150509308001489, -33.094893002136409 ], [ -71.150562120001467, -33.094744644136384 ], [ -71.150791363001431, -33.094425072136431 ], [ -71.15105741100146, -33.094118390136373 ], [ -71.15107001700143, -33.094101245136443 ], [ -71.151289104001449, -33.093803283136381 ], [ -71.151469160001483, -33.09345750613646 ], [ -71.151613860001447, -33.093103322136443 ], [ -71.151623615001455, -33.093091546136449 ], [ -71.15182058500146, -33.092853783136398 ], [ -71.151875331001492, -33.092787700136441 ], [ -71.15227572800147, -33.092622977136429 ], [ -71.152277160001503, -33.092622405136453 ], [ -71.152291620001492, -33.092616634136434 ], [ -71.152677237001484, -33.092462743136409 ], [ -71.152788152001492, -33.092413962136426 ], [ -71.153072058001484, -33.092289097136451 ], [ -71.153130736001501, -33.092258755136456 ], [ -71.153131553001487, -33.092258332136424 ], [ -71.153450934001484, -33.092093181136406 ], [ -71.153797650001465, -33.091884369136423 ], [ -71.153813196001508, -33.091875007136437 ], [ -71.154180251001478, -33.091661258136455 ], [ -71.154363330001487, -33.091571982136422 ], [ -71.154364730001461, -33.091571299136419 ], [ -71.154563692001474, -33.091474277136463 ], [ -71.154958169001475, -33.091300631136448 ], [ -71.155041673001506, -33.091268581136426 ], [ -71.155364128001509, -33.091144820136428 ], [ -71.155606699001495, -33.091070203136432 ], [ -71.15560680700149, -33.091070170136447 ], [ -71.155783461001477, -33.091015830136421 ], [ -71.156196024001474, -33.090878736136453 ], [ -71.156198557001517, -33.090877894136455 ], [ -71.156591691001495, -33.09070426613647 ], [ -71.156969882001476, -33.090508352136453 ], [ -71.157077985001479, -33.090443991136475 ], [ -71.15707945000149, -33.090443119136488 ], [ -71.157336479001529, -33.09029009313646 ], [ -71.157421265001517, -33.090234045136484 ], [ -71.157686681001508, -33.090058590136451 ], [ -71.158013353001493, -33.089809459136461 ], [ -71.158277250001518, -33.089551369136494 ], [ -71.158294366001485, -33.089534629136452 ], [ -71.158304340001507, -33.089524875136497 ], [ -71.158310860001521, -33.08951778613649 ], [ -71.158578263001516, -33.089227058136458 ], [ -71.158734440001481, -33.089062270136438 ], [ -71.158856310001525, -33.088933679136488 ], [ -71.159132682001484, -33.088640329136489 ], [ -71.15913829400148, -33.088634408136485 ], [ -71.159410726001511, -33.088346949136493 ], [ -71.159597921001506, -33.088166425136457 ], [ -71.159613755001502, -33.088151155136501 ], [ -71.159701144001502, -33.088066881136506 ], [ -71.159701408001482, -33.088066648136532 ], [ -71.160007844001498, -33.087795546136476 ], [ -71.160255308001481, -33.087571699136497 ], [ -71.160312757001549, -33.087519733136489 ], [ -71.160607410001504, -33.087235080136523 ], [ -71.160917559001533, -33.086968193136499 ], [ -71.161215914001517, -33.086779270136525 ], [ -71.161219996001492, -33.086776685136506 ], [ -71.16126896400155, -33.086745678136502 ], [ -71.161652927001541, -33.086554158136501 ], [ -71.162045249001523, -33.086376019136502 ], [ -71.162426646001535, -33.086175524136507 ], [ -71.16280413600154, -33.085979605136522 ], [ -71.163183297001552, -33.085783656136535 ], [ -71.16356836500151, -33.085596619136503 ], [ -71.163703695001558, -33.085534914136559 ], [ -71.163959006001534, -33.08541850313653 ], [ -71.164351989001517, -33.085240347136526 ], [ -71.164752996001525, -33.085075574136525 ], [ -71.165165598001565, -33.084919617136549 ], [ -71.16531644700153, -33.084835203136521 ], [ -71.165531480001547, -33.084714873136498 ], [ -71.165827106001515, -33.084443718136576 ], [ -71.166087384001557, -33.084137106136538 ], [ -71.166097939001517, -33.0841239441365 ], [ -71.166123791001539, -33.084091708136519 ], [ -71.166340411001556, -33.083821602136531 ], [ -71.166598788001565, -33.08351953013657 ], [ -71.166851700001516, -33.08321304513656 ], [ -71.166870676001565, -33.083189608136522 ], [ -71.166874163001566, -33.083185302136542 ], [ -71.167103493001548, -33.082902070136569 ], [ -71.167112920001557, -33.082890705136556 ], [ -71.167357740001535, -33.082595560136546 ], [ -71.167610201001537, -33.082284573136583 ], [ -71.167866449001565, -33.081978028136589 ], [ -71.167873521001525, -33.081970176136558 ], [ -71.168134631001578, -33.08168029113655 ], [ -71.168409835001569, -33.08138243213655 ], [ -71.168692844001555, -33.081088947136564 ], [ -71.168995142001563, -33.080817667136579 ], [ -71.169331336001562, -33.08057736013658 ], [ -71.169631382001583, -33.080427409136611 ], [ -71.169633797001552, -33.080426202136586 ], [ -71.169714584001568, -33.080385828136599 ], [ -71.170028477001566, -33.080239618136595 ], [ -71.170032059001542, -33.080237950136599 ], [ -71.170106751001541, -33.080203159136566 ], [ -71.170344047001564, -33.080055325136605 ], [ -71.170464128001541, -33.079980515136604 ], [ -71.170777233001573, -33.079713553136628 ], [ -71.170850435001583, -33.079642894136597 ], [ -71.17107216100159, -33.079428871136571 ], [ -71.171374669001594, -33.079153074136606 ], [ -71.171708064001578, -33.078908301136586 ], [ -71.172066544001581, -33.078690141136626 ], [ -71.172437960001588, -33.078480773136619 ], [ -71.172816397001583, -33.078284808136615 ], [ -71.173194387001587, -33.078084341136602 ], [ -71.173570703001559, -33.077883901136616 ], [ -71.173950808001592, -33.077687905136607 ], [ -71.17433548300157, -33.077500843136619 ], [ -71.174727070001595, -33.077322679136628 ], [ -71.1751270170016, -33.077157892136611 ], [ -71.175521164001594, -33.076988697136642 ], [ -71.175738381001608, -33.076880397136648 ], [ -71.175893413001603, -33.076803101136619 ], [ -71.175905387001578, -33.076797131136637 ], [ -71.176281691001606, -33.07659668513665 ], [ -71.176668812001566, -33.076387030136665 ], [ -71.176789757001586, -33.076068316136642 ], [ -71.176797992001582, -33.076046615136619 ], [ -71.176851006001584, -33.075671460136661 ], [ -71.176853720001574, -33.075620264136646 ], [ -71.176853724001589, -33.075620197136679 ], [ -71.176871344001583, -33.07528786013664 ], [ -71.176874507001614, -33.074913575136662 ], [ -71.176865994001616, -33.074787676136673 ], [ -71.176849232001572, -33.074539787136693 ], [ -71.1768193830016, -33.074204893136645 ], [ -71.176819275001606, -33.074203680136684 ], [ -71.176815929001634, -33.074166140136683 ], [ -71.176797680001584, -33.073792231136686 ], [ -71.176791142001591, -33.07341811513669 ], [ -71.176791071001617, -33.073407569136705 ], [ -71.176788617001591, -33.073043930136713 ], [ -71.17678638700157, -33.072782601136687 ], [ -71.176786284001594, -33.0727704731367 ], [ -71.176785425001583, -33.072669757136694 ], [ -71.176781292001635, -33.072473451136695 ], [ -71.176777549001585, -33.072295666136675 ], [ -71.176752164001584, -33.07191737113672 ], [ -71.176743543001621, -33.071844760136713 ], [ -71.176743287001614, -33.071842608136677 ], [ -71.1767094200016, -33.071557379136692 ], [ -71.176707822001617, -33.07154391613669 ], [ -71.176680208001571, -33.07117017013671 ], [ -71.176700169001606, -33.070844429136713 ], [ -71.176700262001575, -33.070842905136693 ], [ -71.176702888001586, -33.070800054136704 ], [ -71.176771735001623, -33.070429132136709 ], [ -71.176868721001583, -33.070062503136754 ], [ -71.17686879500161, -33.070062225136724 ], [ -71.176979345001584, -33.069699592136701 ], [ -71.177089703001613, -33.069271133136752 ], [ -71.177136548001599, -33.06888958813677 ], [ -71.177179817001615, -33.068592711136716 ], [ -71.177198267001572, -33.068541586136753 ], [ -71.177198420001616, -33.06854116313675 ], [ -71.177871190001611, -33.066676912136785 ], [ -71.177943140001616, -33.066477539136741 ], [ -71.177943487001585, -33.06581023313678 ], [ -71.177943488001617, -33.065807390136776 ], [ -71.177943885001568, -33.0650421801368 ], [ -71.177943953001588, -33.064908641136832 ], [ -71.177944142001593, -33.064546427136818 ], [ -71.177936442001609, -33.064279999136787 ], [ -71.177935500001567, -33.064247388136785 ], [ -71.177913165001598, -33.063474529136812 ], [ -71.1778935620016, -33.062796215136842 ], [ -71.177878200001587, -33.062264633136841 ], [ -71.178014117001609, -33.062133380136849 ], [ -71.178014691001636, -33.062132826136839 ], [ -71.178349581001598, -33.061809431136844 ], [ -71.178666199001597, -33.061503681136863 ], [ -71.178666552001616, -33.061503340136824 ], [ -71.178929984001627, -33.061248950136857 ], [ -71.17909897900158, -33.061077968136843 ], [ -71.179658527001607, -33.060511838136847 ], [ -71.179658680001651, -33.060511684136827 ], [ -71.179748626001583, -33.060420681136868 ], [ -71.18009319900159, -33.060072054136882 ], [ -71.180460120001612, -33.059700818136839 ], [ -71.180489970001602, -33.059670617136881 ], [ -71.180691666001636, -33.059466548136903 ], [ -71.180691882001611, -33.059466250136843 ], [ -71.180691906001599, -33.059466216136869 ], [ -71.180699031001623, -33.059456381136862 ], [ -71.181904255001612, -33.0577926921369 ], [ -71.18200547300161, -33.05759347113689 ], [ -71.182741295001634, -33.056145193136913 ], [ -71.183002723001636, -33.055759773136934 ], [ -71.183463261001648, -33.055080809136896 ], [ -71.183897186001644, -33.053959714136965 ], [ -71.183977831001613, -33.053751359136974 ], [ -71.184002157001629, -33.053688510136936 ], [ -71.18446482600163, -33.05181022513694 ], [ -71.184654173001633, -33.051129997136997 ], [ -71.184655299001662, -33.051125952136971 ], [ -71.185389366001672, -33.048488823137006 ], [ -71.185471030001651, -33.048195447137005 ], [ -71.185472214001635, -33.048191195137001 ], [ -71.18547223500164, -33.048191121137009 ], [ -71.185616377001665, -33.047673288136998 ], [ -71.185634414001626, -33.047486773136995 ], [ -71.185674730001637, -33.047069878137009 ], [ -71.18567645700162, -33.047052018137052 ], [ -71.185679275001661, -33.047022879137032 ], [ -71.18567964600166, -33.047019044137038 ], [ -71.185719436001619, -33.046607589137018 ], [ -71.185726623001614, -33.046533280137012 ], [ -71.185727157001651, -33.046527755137028 ], [ -71.185736206001621, -33.04643418013702 ], [ -71.185743662001613, -33.04639860213701 ], [ -71.18576370400163, -33.046302972137042 ], [ -71.18586394700165, -33.04582467413703 ], [ -71.185867293001621, -33.045808710137067 ], [ -71.185870597001639, -33.045803312137053 ], [ -71.185937491001624, -33.045693990137053 ], [ -71.186127975001668, -33.045382695137022 ], [ -71.186138572001639, -33.045365377137031 ], [ -71.186218508001659, -33.045234742137076 ], [ -71.186232761001676, -33.045211449137064 ], [ -71.186238124001633, -33.045202685137077 ], [ -71.186238825001666, -33.045201539137025 ], [ -71.186254130001643, -33.04517652613707 ], [ -71.186256935001651, -33.045171943137049 ], [ -71.186357683001674, -33.045007297137083 ], [ -71.186358436001669, -33.045006067137081 ], [ -71.186394682001648, -33.044946832137093 ], [ -71.186436073001673, -33.044879189137085 ], [ -71.186530322001659, -33.044725165137073 ], [ -71.186537565001672, -33.044688177137061 ], [ -71.186636978001658, -33.044180479137083 ], [ -71.186637898001649, -33.044175780137103 ], [ -71.186827390001667, -33.043208057137065 ], [ -71.18685192400163, -33.043082764137097 ], [ -71.186935653001669, -33.042655169137078 ], [ -71.186935917001662, -33.042653820137055 ], [ -71.186935886001649, -33.042653235137109 ], [ -71.186934442001629, -33.042625963137112 ], [ -71.186925584001628, -33.042458643137088 ], [ -71.186925497001639, -33.042457001137073 ], [ -71.186862680001639, -33.041270368137106 ], [ -71.187074916001663, -33.040423837137169 ], [ -71.187436257001636, -33.040016622137109 ], [ -71.187436790001627, -33.040016021137141 ], [ -71.187712906001636, -33.03970485113711 ], [ -71.187710762001629, -33.039696626137143 ], [ -71.187709244001653, -33.039690802137102 ], [ -71.187568517001679, -33.039151060137158 ], [ -71.187552415001662, -33.039089302137157 ], [ -71.187539560001639, -33.039039999137131 ], [ -71.187538557001673, -33.03903615213715 ], [ -71.187438915001664, -33.038653988137128 ], [ -71.187245641001653, -33.037989677137169 ], [ -71.187240846001643, -33.037973195137113 ], [ -71.187161930001636, -33.037701948137119 ], [ -71.18716140100166, -33.037700131137136 ], [ -71.18716187400166, -33.037699930137173 ], [ -71.187163371001631, -33.037699296137156 ], [ -71.187169062001644, -33.03768883113716 ], [ -71.18716998500166, -33.037687133137155 ], [ -71.187233185001659, -33.037664703137153 ], [ -71.187244123001662, -33.037660821137159 ], [ -71.187291597001646, -33.03764397213714 ], [ -71.187669449001632, -33.037509868137171 ], [ -71.187824845001657, -33.037454716137134 ], [ -71.18795028600168, -33.037417568137187 ], [ -71.188471003001666, -33.037263361137171 ], [ -71.189425261001645, -33.036960221137157 ], [ -71.189644132001661, -33.036850092137129 ], [ -71.189671105001651, -33.03683652013715 ], [ -71.190116117001651, -33.0366126031372 ], [ -71.190428966001662, -33.036510126137138 ], [ -71.190434072001665, -33.036508453137166 ], [ -71.190723218001679, -33.036413740137149 ], [ -71.191225313001681, -33.036105509137208 ], [ -71.191450473001694, -33.035967285137183 ], [ -71.191546979001672, -33.035900007137165 ], [ -71.191576464001699, -33.035879452137181 ], [ -71.191620895001691, -33.035848477137151 ], [ -71.191753430001668, -33.035756082137205 ], [ -71.191854129001698, -33.03568588013718 ], [ -71.19186588500169, -33.035677685137145 ], [ -71.191593325001705, -33.035274602137179 ], [ -71.191590840001666, -33.035270927137162 ], [ -71.191224351001679, -33.034728933137181 ], [ -71.191089428001661, -33.034529399137178 ], [ -71.190920496001652, -33.033984132137178 ], [ -71.190911706001671, -33.033931425137247 ], [ -71.190876491001703, -33.033720259137183 ], [ -71.190874821001685, -33.033710243137214 ], [ -71.190846343001695, -33.03353948213725 ], [ -71.190877946001663, -33.032494665137207 ], [ -71.190883736001652, -33.032303251137215 ], [ -71.19096656400167, -33.031921305137239 ], [ -71.191264536001668, -33.031595578137214 ], [ -71.191316515001702, -33.031538757137241 ], [ -71.191444479001703, -33.031297862137251 ], [ -71.191557832001664, -33.031084473137255 ], [ -71.191648597001702, -33.030970252137259 ], [ -71.191821605001692, -33.030752534137271 ], [ -71.191837994001688, -33.030612086137232 ], [ -71.191877624001691, -33.030272473137259 ], [ -71.191877722001678, -33.030271637137226 ], [ -71.19188571100166, -33.030203172137263 ], [ -71.192047546001689, -33.029698588137265 ], [ -71.192102132001665, -33.029528395137227 ], [ -71.192111071001662, -33.029503382137271 ], [ -71.192206602001662, -33.029236076137273 ], [ -71.192481328001705, -33.029074722137274 ], [ -71.192838521001661, -33.028864933137271 ], [ -71.192938431001679, -33.028761627137307 ], [ -71.192999531001675, -33.028698450137284 ], [ -71.193049421001689, -33.028638347137282 ], [ -71.193184525001655, -33.028475585137279 ], [ -71.193261629001682, -33.028382697137282 ], [ -71.193357954001698, -33.028266652137283 ], [ -71.19395222200167, -33.027685278137305 ], [ -71.193954771001671, -33.027682784137298 ], [ -71.194322027001675, -33.027323496137292 ], [ -71.194589670001704, -33.027061661137282 ], [ -71.194848095001674, -33.026808843137303 ], [ -71.194853201001663, -33.026803673137287 ], [ -71.194858740001706, -33.026798066137296 ], [ -71.194907130001667, -33.026070686137302 ], [ -71.194932357001704, -33.025691488137298 ], [ -71.19493506200169, -33.025650830137302 ], [ -71.195010616001667, -33.024515133137328 ], [ -71.195012533001687, -33.024486312137334 ], [ -71.195012686001704, -33.024484031137362 ], [ -71.195032250001674, -33.024189940137347 ], [ -71.195055430001702, -33.02384151513732 ], [ -71.195058620001674, -33.023793557137346 ], [ -71.195215474001685, -33.023744909137328 ], [ -71.196740421001692, -33.023271954137385 ], [ -71.196836282001669, -33.023242223137352 ], [ -71.19733287500172, -33.023088207137341 ], [ -71.197338255001711, -33.023086538137356 ], [ -71.197602321001739, -33.023009486137383 ], [ -71.197945154001729, -33.022909450137377 ], [ -71.198347887001717, -33.022791937137349 ], [ -71.198920772001699, -33.022624774137327 ], [ -71.19962618800173, -33.022418940137364 ], [ -71.20116047600176, -33.021971248137355 ], [ -71.201753765001754, -33.02179813113738 ], [ -71.201773722001747, -33.021792308137364 ], [ -71.201934471001721, -33.021745403137352 ], [ -71.202046535001756, -33.021712704137371 ], [ -71.207163859001739, -33.019816290137427 ], [ -71.208205685001744, -33.019430203137389 ], [ -71.20828460200174, -33.019400957137385 ], [ -71.208941650001805, -33.019157464137407 ], [ -71.209394998001756, -33.018989459137394 ], [ -71.209515783001791, -33.018944697137442 ], [ -71.209517555001753, -33.018944040137399 ], [ -71.209519152001803, -33.018943448137392 ], [ -71.2095351270018, -33.018937528137414 ], [ -71.209583549001763, -33.01891739613739 ], [ -71.2096336680018, -33.018896559137424 ], [ -71.209644010001796, -33.018892709137369 ], [ -71.209648284001787, -33.018891118137368 ], [ -71.209649709001781, -33.018890588137403 ], [ -71.209649991001754, -33.018890483137397 ], [ -71.209869148001758, -33.018808904137408 ], [ -71.210019865001755, -33.018752801137389 ], [ -71.210026498001767, -33.018751375137398 ], [ -71.210053580001784, -33.018745551137428 ], [ -71.210192485001755, -33.018715680137383 ], [ -71.210593994001783, -33.018629336137387 ], [ -71.211917181001766, -33.018344786137391 ], [ -71.212024578001788, -33.018321691137437 ], [ -71.212096755001781, -33.018306170137407 ], [ -71.212101564001799, -33.018305136137421 ], [ -71.21220694000182, -33.018282475137426 ], [ -71.212335063001788, -33.018254922137444 ], [ -71.2123797770018, -33.01824530613743 ], [ -71.212389714001816, -33.018243169137392 ], [ -71.212516094001799, -33.018215991137431 ], [ -71.212533439001803, -33.0182122611374 ], [ -71.212602924001786, -33.018197318137418 ], [ -71.212640707001768, -33.018189193137388 ], [ -71.212823218001816, -33.018149944137399 ], [ -71.212838046001778, -33.018146756137419 ], [ -71.212913581001786, -33.018130512137418 ], [ -71.213026350001783, -33.016485126137447 ], [ -71.213052323001776, -33.016106163137437 ], [ -71.213055112001797, -33.01606547013742 ], [ -71.213069957001807, -33.015848872137468 ], [ -71.213082130001808, -33.015671247137426 ], [ -71.212948943001791, -33.015636734137416 ], [ -71.212902672001817, -33.015624743137472 ], [ -71.2128423440018, -33.015609110137433 ], [ -71.212703612001818, -33.015573160137478 ], [ -71.212490550001817, -33.01551794813745 ], [ -71.212353249001822, -33.015482369137452 ], [ -71.212278719001816, -33.015454802137441 ], [ -71.212200033001821, -33.015425697137445 ], [ -71.21209605000179, -33.015387236137464 ], [ -71.210773567001752, -33.014898053137458 ], [ -71.209608991001801, -33.014467280137474 ], [ -71.209583297001771, -33.01445777613749 ], [ -71.209435531001759, -33.014403118137473 ], [ -71.209382811001774, -33.014383617137469 ], [ -71.209300047001761, -33.014352364137487 ], [ -71.209201753001764, -33.014315245137482 ], [ -71.209062432001758, -33.014262634137452 ], [ -71.207884072001775, -33.013817660137484 ], [ -71.206787501001756, -33.013403556137462 ], [ -71.206246529001746, -33.013218759137509 ], [ -71.206244194001755, -33.013217961137471 ], [ -71.206152916001741, -33.013186780137474 ], [ -71.206061323001776, -33.013160538137477 ], [ -71.205817835001739, -33.013090778137538 ], [ -71.205253465001732, -33.012929083137479 ], [ -71.205178275001771, -33.012896424137473 ], [ -71.204770043001744, -33.012719106137489 ], [ -71.203770595001771, -33.012245056137523 ], [ -71.203643288001743, -33.012184673137504 ], [ -71.203609586001747, -33.012166569137527 ], [ -71.203436613001742, -33.012073650137559 ], [ -71.203267621001743, -33.011982869137483 ], [ -71.202868685001732, -33.01176856513748 ], [ -71.202735136001721, -33.011696824137488 ], [ -71.20244039500173, -33.011038156137538 ], [ -71.202431477001738, -33.011018227137505 ], [ -71.202294798001759, -33.010712781137563 ], [ -71.20218769100174, -33.010477007137503 ], [ -71.202093042001721, -33.010268657137537 ], [ -71.201967819001723, -33.009993006137506 ], [ -71.201943191001718, -33.009938794137561 ], [ -71.201882535001744, -33.009805272137555 ], [ -71.201856326001746, -33.009747577137531 ], [ -71.201839517001716, -33.009710576137529 ], [ -71.201809694001724, -33.009649200137517 ], [ -71.201766444001748, -33.009560190137492 ], [ -71.201744028001713, -33.00951405813754 ], [ -71.201650330001712, -33.009321224137523 ], [ -71.201581409001747, -33.009179383137507 ], [ -71.201550377001695, -33.009115518137556 ], [ -71.201426029001709, -33.00889935613754 ], [ -71.201328242001765, -33.008729364137551 ], [ -71.201281661001701, -33.008647438137544 ], [ -71.201123834001748, -33.008369855137538 ], [ -71.200932022001737, -33.007987849137535 ], [ -71.200883066001737, -33.007875288137555 ], [ -71.200809754001753, -33.007706728137549 ], [ -71.200728692001761, -33.007526722137548 ], [ -71.200624416001759, -33.007295165137556 ], [ -71.20054561400174, -33.007130637137564 ], [ -71.200516867001738, -33.007070618137547 ], [ -71.200501122001711, -33.007029856137571 ], [ -71.200498821001716, -33.007023900137575 ], [ -71.200486026001727, -33.006990775137574 ], [ -71.200426360001714, -33.006836306137572 ], [ -71.200411925001745, -33.006793033137562 ], [ -71.200406783001711, -33.006777619137587 ], [ -71.200405625001736, -33.006774146137531 ], [ -71.200403796001765, -33.006768665137585 ], [ -71.200402694001696, -33.006765361137568 ], [ -71.200382494001715, -33.00670481113756 ], [ -71.200331697001744, -33.006552556137585 ], [ -71.20033891700173, -33.006551162137605 ], [ -71.200339703001703, -33.006551010137571 ], [ -71.200392215001742, -33.006540869137595 ], [ -71.200448764001749, -33.006548874137593 ], [ -71.200505433001709, -33.006541889137566 ], [ -71.200515688001715, -33.006545254137535 ], [ -71.200578756001732, -33.006565951137596 ], [ -71.200639009001748, -33.006558523137578 ], [ -71.200695461001715, -33.006555294137563 ], [ -71.200756681001735, -33.006551793137582 ], [ -71.200823733001712, -33.006543527137552 ], [ -71.200911981001695, -33.006538480137557 ], [ -71.201084306001746, -33.006511145137608 ], [ -71.20133772400176, -33.006465951137528 ], [ -71.201457808001763, -33.006424961137597 ], [ -71.201627220001754, -33.006370389137594 ], [ -71.201699861001728, -33.006324705137551 ], [ -71.201746050001717, -33.006295657137564 ], [ -71.201746459001711, -33.00629540013756 ], [ -71.201988452001757, -33.006147827137568 ], [ -71.202084513001779, -33.006068388137557 ], [ -71.202186459001737, -33.005993703137563 ], [ -71.202248900001763, -33.005953729137545 ], [ -71.202295482001745, -33.005938065137549 ], [ -71.202340403001728, -33.005922960137553 ], [ -71.202544079001726, -33.005826252137574 ], [ -71.202592792001752, -33.005819868137571 ], [ -71.202770174001742, -33.005788453137598 ], [ -71.20309770100171, -33.005745530137581 ], [ -71.203192799001741, -33.005733067137605 ], [ -71.203276062001777, -33.005712593137574 ], [ -71.203452115001724, -33.005666046137598 ], [ -71.203649901001725, -33.005586537137546 ], [ -71.203984770001753, -33.005543604137586 ], [ -71.204062278001771, -33.005533667137563 ], [ -71.204129248001749, -33.005512558137596 ], [ -71.204216304001719, -33.005485117137589 ], [ -71.204256361001768, -33.00547249113761 ], [ -71.204331256001794, -33.005440052137622 ], [ -71.204445847001779, -33.005383731137613 ], [ -71.204672836001791, -33.005319884137577 ], [ -71.204676507001778, -33.005318404137597 ], [ -71.204836969001789, -33.005253731137621 ], [ -71.204846240001729, -33.005249994137564 ], [ -71.204886571001765, -33.005226628137549 ], [ -71.20492780100173, -33.005214105137604 ], [ -71.204937945001774, -33.005208385137564 ], [ -71.204968572001775, -33.005191114137588 ], [ -71.205004147001759, -33.005171053137587 ], [ -71.205030791001747, -33.005156028137606 ], [ -71.205040270001788, -33.005150683137572 ], [ -71.205259563001775, -33.005027021137607 ], [ -71.205371015001759, -33.004964172137569 ], [ -71.205452121001755, -33.004942957137594 ], [ -71.205573824001732, -33.004911122137585 ], [ -71.205644976001764, -33.004883363137608 ], [ -71.205781585001745, -33.004830067137569 ], [ -71.205936491001793, -33.004769633137578 ], [ -71.206074469001777, -33.004744751137615 ], [ -71.206325660001752, -33.004633117137594 ], [ -71.206464987001752, -33.004571198137597 ], [ -71.206823484001788, -33.004569696137608 ], [ -71.207179729001766, -33.004459906137612 ], [ -71.207525374001747, -33.004309671137605 ], [ -71.207751551001749, -33.004242684137573 ], [ -71.207913451001772, -33.004244480137601 ], [ -71.208046494001778, -33.004278355137572 ], [ -71.208736808001788, -33.004235168137626 ], [ -71.2090023510018, -33.004117869137616 ], [ -71.20944639200178, -33.003975003137647 ], [ -71.209705904001794, -33.003857804137589 ], [ -71.210025708001808, -33.003595157137589 ], [ -71.210162722001769, -33.003516123137587 ], [ -71.21045046500177, -33.003479692137631 ], [ -71.210913790001783, -33.003331983137606 ], [ -71.211222455001817, -33.003364396137641 ], [ -71.211247245001815, -33.003366999137626 ], [ -71.211432732001768, -33.003395475137637 ], [ -71.211656264001775, -33.003418797137641 ], [ -71.211779720001815, -33.003434775137606 ], [ -71.212024457001817, -33.003394550137564 ], [ -71.2123039080018, -33.003312901137591 ], [ -71.212319215001813, -33.003308429137611 ], [ -71.212352296001782, -33.003298764137611 ], [ -71.212771418001822, -33.003174359137603 ], [ -71.212947978001822, -33.003162361137612 ], [ -71.213147313001826, -33.003149980137621 ], [ -71.213337207001786, -33.003122576137599 ], [ -71.213430563001808, -33.003109104137629 ], [ -71.213682322001802, -33.00304619013761 ], [ -71.213994207001832, -33.002932613137631 ], [ -71.214289053001806, -33.002765161137603 ], [ -71.214603605001827, -33.002484536137587 ], [ -71.215154285001844, -33.002100636137627 ], [ -71.21539459900184, -33.001925072137624 ], [ -71.215904603001817, -33.00165920613761 ], [ -71.216129354001836, -33.001578688137663 ], [ -71.216624632001796, -33.001480068137639 ], [ -71.216843670001808, -33.001498944137651 ], [ -71.21716447700183, -33.001570265137602 ], [ -71.217297331001802, -33.00163121513765 ], [ -71.217343268001827, -33.001643652137638 ], [ -71.217469965001825, -33.00167795313763 ], [ -71.217863901001863, -33.001851851137651 ], [ -71.218168970001827, -33.001923436137652 ], [ -71.218251022001823, -33.001922051137633 ], [ -71.218509720001862, -33.001822902137633 ], [ -71.21873600100183, -33.00159340613763 ], [ -71.218849856001825, -33.001568917137639 ], [ -71.220259609001857, -33.001572201137655 ], [ -71.220349434001847, -33.001560845137647 ], [ -71.220630458001835, -33.001525316137624 ], [ -71.221251233001865, -33.001266585137607 ], [ -71.221493370001852, -33.000896896137647 ], [ -71.221667135001866, -33.000681823137661 ], [ -71.221681870001817, -33.000674776137672 ], [ -71.221991422001864, -33.000526730137672 ], [ -71.222361740001844, -33.000349622137662 ], [ -71.222883940001864, -33.000144917137632 ], [ -71.22290763500186, -33.000135629137631 ], [ -71.222937313001879, -33.000123996137646 ], [ -71.222892432001871, -33.000074648137634 ], [ -71.222815286001861, -32.999986685137642 ], [ -71.222789444001847, -32.999957204137623 ], [ -71.222745520001837, -32.999907133137668 ], [ -71.222728903001865, -32.999888191137657 ], [ -71.222701462001865, -32.999858060137647 ], [ -71.222680414001857, -32.999834949137679 ], [ -71.222631655001891, -32.999780262137648 ], [ -71.222569613001852, -32.999710676137632 ], [ -71.222484227001829, -32.999613004137672 ], [ -71.222061247001847, -32.999136295137681 ], [ -71.221747752001832, -32.998782973137658 ], [ -71.221532850001836, -32.998561359137668 ], [ -71.221393413001863, -32.998428578137691 ], [ -71.22112613400185, -32.998191491137668 ], [ -71.221121409001867, -32.998187299137705 ], [ -71.221117548001828, -32.998183875137698 ], [ -71.221112586001837, -32.998179473137711 ], [ -71.221103137001833, -32.998171091137657 ], [ -71.221069519001858, -32.998141271137669 ], [ -71.220941029001835, -32.99803673213767 ], [ -71.220857293001828, -32.997968604137704 ], [ -71.22064514800185, -32.997796001137708 ], [ -71.220641091001823, -32.997792701137712 ], [ -71.220575580001821, -32.997736149137708 ], [ -71.220456857001878, -32.997633662137645 ], [ -71.220297006001829, -32.997420084137659 ], [ -71.220384879001827, -32.997400884137669 ], [ -71.220670242001873, -32.997338532137675 ], [ -71.220791237001833, -32.997312095137708 ], [ -71.220994126001813, -32.997281432137683 ], [ -71.220953213001863, -32.996936796137696 ], [ -71.220940713001838, -32.996831502137717 ], [ -71.220860931001823, -32.995933754137695 ], [ -71.220747890001874, -32.994661691137722 ], [ -71.220744199001842, -32.994621177137695 ], [ -71.220717002001834, -32.994256448137747 ], [ -71.220716980001853, -32.994256159137741 ], [ -71.220660598001828, -32.993513499137755 ], [ -71.220635285001848, -32.993450826137739 ], [ -71.220609426001843, -32.993419724137766 ], [ -71.220575323001825, -32.993393278137759 ], [ -71.220549026001848, -32.993384729137745 ], [ -71.220520389001834, -32.993376221137723 ], [ -71.220490862001839, -32.993372237137741 ], [ -71.220417705001864, -32.993369030137735 ], [ -71.220344570001828, -32.993365823137765 ], [ -71.220096115001823, -32.993379260137765 ], [ -71.220134935001866, -32.992846531137744 ], [ -71.220137800001851, -32.992782535137735 ], [ -71.22017331400184, -32.991989175137753 ], [ -71.220189548001827, -32.991889692137775 ], [ -71.220225177001865, -32.991816917137768 ], [ -71.220286872001864, -32.991730153137787 ], [ -71.220321611001864, -32.991661902137771 ], [ -71.220351770001869, -32.991557663137804 ], [ -71.220364116001861, -32.991320412137782 ], [ -71.220367963001834, -32.991246487137765 ], [ -71.220368173001816, -32.991242449137786 ], [ -71.220368430001841, -32.991237512137744 ], [ -71.220375020001839, -32.991110878137768 ], [ -71.220330652001863, -32.99103501713774 ], [ -71.220289610001828, -32.990843722137782 ], [ -71.220277649001844, -32.990787976137774 ], [ -71.220243855001868, -32.990680366137781 ], [ -71.220052864001858, -32.990250918137797 ], [ -71.219974026001864, -32.990040406137815 ], [ -71.219777041001876, -32.989679486137774 ], [ -71.219775711001844, -32.989677049137796 ], [ -71.219708373001822, -32.989553672137767 ], [ -71.219672453001877, -32.989502657137777 ], [ -71.219636733001849, -32.989451928137832 ], [ -71.219636252001877, -32.989451245137758 ], [ -71.21963623400184, -32.989451219137813 ], [ -71.21963348600184, -32.98944715113781 ], [ -71.219608007001867, -32.989409432137784 ], [ -71.219600142001823, -32.989397788137794 ], [ -71.219444094001872, -32.989175123137763 ], [ -71.219382418001828, -32.988968815137781 ], [ -71.219363336001834, -32.988874469137777 ], [ -71.219336459001838, -32.988789279137777 ], [ -71.219312599001853, -32.988731089137758 ], [ -71.219258728001819, -32.988542677137787 ], [ -71.21925504600182, -32.988395622137837 ], [ -71.219255004001809, -32.988393953137795 ], [ -71.21928462300184, -32.988245928137815 ], [ -71.219293936001861, -32.988199382137793 ], [ -71.219334152001863, -32.988127607137791 ], [ -71.219385798001838, -32.988035431137803 ], [ -71.219420593001814, -32.987988687137843 ], [ -71.21950484500185, -32.987875505137815 ], [ -71.219512442001829, -32.98786221013782 ], [ -71.219521784001813, -32.987845861137842 ], [ -71.219525667001861, -32.987839065137791 ], [ -71.219500218001841, -32.987690727137839 ], [ -71.219449760001837, -32.987024320137834 ], [ -71.219451404001859, -32.986974721137827 ], [ -71.219475473001864, -32.986248347137824 ], [ -71.219551980001839, -32.985768686137845 ], [ -71.219552348001855, -32.98576637413786 ], [ -71.21955552700183, -32.985746446137824 ], [ -71.21979513300181, -32.985300321137849 ], [ -71.21988014600187, -32.984983192137832 ], [ -71.219901536001828, -32.984635633137891 ], [ -71.220187258001843, -32.984289649137857 ], [ -71.220188739001856, -32.984287855137886 ], [ -71.220240941001862, -32.984127318137887 ], [ -71.220265421001841, -32.984052033137871 ], [ -71.220385314001831, -32.983432193137865 ], [ -71.220511090001835, -32.982753633137882 ], [ -71.22048026800185, -32.982524232137855 ], [ -71.220480106001858, -32.982518930137893 ], [ -71.220475877001846, -32.982380632137875 ], [ -71.220473635001852, -32.982307312137927 ], [ -71.220473545001838, -32.982304361137921 ], [ -71.220452569001864, -32.981618454137873 ], [ -71.220278209001847, -32.981151931137887 ], [ -71.220208165001864, -32.980964515137927 ], [ -71.219958881001844, -32.980716455137944 ], [ -71.21976134200186, -32.980638810137897 ], [ -71.219625961001853, -32.9805465321379 ], [ -71.219546113001854, -32.980435171137906 ], [ -71.219512046001867, -32.980387660137914 ], [ -71.219483106001874, -32.980347299137911 ], [ -71.219402505001824, -32.980234888137943 ], [ -71.219193166001844, -32.9801951631379 ], [ -71.219059267001839, -32.980169754137933 ], [ -71.219011853001859, -32.980074926137938 ], [ -71.218959662001851, -32.979970543137924 ], [ -71.218874859001858, -32.979800937137945 ], [ -71.218708297001854, -32.97962247713793 ], [ -71.218487638001804, -32.979521093137912 ], [ -71.218419426001844, -32.979489753137919 ], [ -71.21835762400184, -32.979461357137957 ], [ -71.218339530001856, -32.979453044137919 ], [ -71.218247820001849, -32.979410907137954 ], [ -71.218047996001815, -32.979319096137949 ], [ -71.217966183001863, -32.979220058137905 ], [ -71.217889744001809, -32.979127527137919 ], [ -71.217821947001823, -32.979045458137925 ], [ -71.217899280001859, -32.978985972137963 ], [ -71.21799131900184, -32.97900287713793 ], [ -71.218190764001861, -32.979039510137923 ], [ -71.218422761001818, -32.978932434137924 ], [ -71.218448833001844, -32.978904499137926 ], [ -71.218589324001812, -32.978753974137959 ], [ -71.218588608001824, -32.978671462137932 ], [ -71.218587881001838, -32.978587590137963 ], [ -71.218357326001851, -32.97840895213799 ], [ -71.218226456001844, -32.978224544137937 ], [ -71.218295874001839, -32.978011662137966 ], [ -71.218315686001858, -32.977950906137977 ], [ -71.218244302001835, -32.977641576137906 ], [ -71.218172918001812, -32.977528552137947 ], [ -71.218167437001853, -32.977438797137971 ], [ -71.218145663001849, -32.977082246137947 ], [ -71.218138956001823, -32.976972422137962 ], [ -71.21812532900185, -32.976749278137945 ], [ -71.218315686001858, -32.97645779413795 ], [ -71.218375172001856, -32.976374513137941 ], [ -71.218375172001856, -32.97621390013795 ], [ -71.218367049001799, -32.976067988137963 ], [ -71.218455479001804, -32.975934313137991 ], [ -71.218458453001858, -32.975871852137971 ], [ -71.218413838001823, -32.97583021213795 ], [ -71.218282968001859, -32.975901595137984 ], [ -71.218170750001832, -32.975980148137957 ], [ -71.218074765001845, -32.976047337137963 ], [ -71.218043115001819, -32.976064020137962 ], [ -71.217928111001797, -32.976124640137982 ], [ -71.217765435001809, -32.976133593137988 ], [ -71.217566155001862, -32.97610385013796 ], [ -71.217445899001859, -32.97602886613798 ], [ -71.217375452001818, -32.975984940137998 ], [ -71.217313338001816, -32.975946210137984 ], [ -71.217298754001817, -32.97591412513799 ], [ -71.217268723001823, -32.975848057137966 ], [ -71.217295492001824, -32.975761802137988 ], [ -71.217381747001795, -32.975755853137954 ], [ -71.217518566001829, -32.975809391138007 ], [ -71.217615450001858, -32.97581557813799 ], [ -71.217727297001829, -32.975769893137972 ], [ -71.217845120001812, -32.975663254138006 ], [ -71.217949843001861, -32.975568471137997 ], [ -71.217981099001861, -32.975526344137954 ], [ -71.218018253001844, -32.975476267137999 ], [ -71.218047298001864, -32.975408489137983 ], [ -71.218065634001846, -32.975365702137978 ], [ -71.218086662001838, -32.975282935137962 ], [ -71.218039073001819, -32.975279961137964 ], [ -71.217967689001838, -32.975303756137976 ], [ -71.217895540001848, -32.975354381138011 ], [ -71.217759487001842, -32.97538703713797 ], [ -71.21751261700183, -32.975354319137992 ], [ -71.217481310001858, -32.975341796137954 ], [ -71.217408516001839, -32.975312679137993 ], [ -71.217310363001843, -32.975223449137957 ], [ -71.217155698001804, -32.974988477137963 ], [ -71.216938572001808, -32.974815966138003 ], [ -71.21690550700184, -32.974770359138013 ], [ -71.216815757001811, -32.974646565137959 ], [ -71.216766062001824, -32.974578020137983 ], [ -71.216743085001823, -32.974507001137972 ], [ -71.216733344001838, -32.974476893137989 ], [ -71.21660842200184, -32.974447150137983 ], [ -71.216358579001835, -32.974450124138009 ], [ -71.21606412100185, -32.974497713137993 ], [ -71.215900533001829, -32.974539354137967 ], [ -71.215782916001814, -32.974569403138027 ], [ -71.21570854300181, -32.974578058137993 ], [ -71.215555511001796, -32.974595866138003 ], [ -71.215469255001821, -32.974563149137992 ], [ -71.21547520400182, -32.974503662137991 ], [ -71.215528742001808, -32.974450124138016 ], [ -71.215582280001826, -32.974447150137983 ], [ -71.21564771500185, -32.974467970138015 ], [ -71.215849969001837, -32.974393612138002 ], [ -71.215913663001828, -32.974362863137991 ], [ -71.2161949910018, -32.974227050138005 ], [ -71.216376425001826, -32.974161614137998 ], [ -71.216560833001822, -32.974143769137989 ], [ -71.216754164001813, -32.974122948137982 ], [ -71.216899906001842, -32.974039667137987 ], [ -71.216899906001842, -32.973932591138038 ], [ -71.21678390800183, -32.973819567137994 ], [ -71.216626268001832, -32.973670851137967 ], [ -71.216426988001814, -32.973638133137996 ], [ -71.216328705001828, -32.973583764137999 ], [ -71.216322379001824, -32.973580264138008 ], [ -71.216306355001834, -32.973571400138013 ], [ -71.216287195001797, -32.973560801137999 ], [ -71.216147402001795, -32.973498340138029 ], [ -71.216007608001846, -32.973548903138045 ], [ -71.215742893001831, -32.973617313138021 ], [ -71.215701928001849, -32.973630082137987 ], [ -71.215647273001807, -32.973647117138029 ], [ -71.2155138700018, -32.97368869713798 ], [ -71.21537407700184, -32.973688697137987 ], [ -71.215234284001824, -32.97366787613803 ], [ -71.215094490001817, -32.973569724137995 ], [ -71.215006840001791, -32.973518121138035 ], [ -71.214713318001799, -32.973345316138001 ], [ -71.214462192001832, -32.973349897138036 ], [ -71.214270790001791, -32.973353389138005 ], [ -71.214011683001814, -32.973291043137998 ], [ -71.213534527001826, -32.97317623013803 ], [ -71.213453258001806, -32.973156675138036 ], [ -71.213419507001817, -32.973122860138041 ], [ -71.213081691001804, -32.972784409138029 ], [ -71.21292722100182, -32.972462345137998 ], [ -71.212927161001815, -32.972462220138013 ], [ -71.212885079001822, -32.972374481138033 ], [ -71.212799747001796, -32.972257687138026 ], [ -71.212711683001785, -32.972137154138061 ], [ -71.212494872001812, -32.971855851138045 ], [ -71.212392875001811, -32.971723515138024 ], [ -71.212153858001798, -32.971615311138073 ], [ -71.212151783001801, -32.971614372138035 ], [ -71.211802698001819, -32.971456340138047 ], [ -71.211265552001819, -32.971379862138058 ], [ -71.211111007001776, -32.971375167138035 ], [ -71.2106138210018, -32.971360063138043 ], [ -71.209981724001807, -32.971358047138025 ], [ -71.209820773001752, -32.971361455138045 ], [ -71.209481643001766, -32.971368635138042 ], [ -71.208345793001783, -32.971463034138026 ], [ -71.208227693001788, -32.971464418138048 ], [ -71.208225555001775, -32.971464443138025 ], [ -71.2077336970018, -32.97147020913804 ], [ -71.207480755001754, -32.971480555138044 ], [ -71.207131046001777, -32.971494859138033 ], [ -71.206687342001771, -32.971489681138046 ], [ -71.206672433001756, -32.971489507138017 ], [ -71.206157997001725, -32.971478158138019 ], [ -71.206010315001748, -32.971480577138045 ], [ -71.205790666001775, -32.971484174138013 ], [ -71.205505902001775, -32.971466916138013 ], [ -71.205467089001772, -32.971458026138059 ], [ -71.205464906001765, -32.971457526138074 ], [ -71.205202978001779, -32.971397536138049 ], [ -71.204961156001758, -32.971330015138037 ], [ -71.204527688001789, -32.971213687138075 ], [ -71.204319724001749, -32.971161636138056 ], [ -71.204214950001727, -32.971135412138032 ], [ -71.203846886001742, -32.971158589138042 ], [ -71.203630442001753, -32.971221742138027 ], [ -71.203526796001725, -32.971251984138085 ], [ -71.203165235001748, -32.971361305138025 ], [ -71.202692396001765, -32.971450050138067 ], [ -71.202223594001751, -32.971521430138012 ], [ -71.202127905001717, -32.97153600013803 ], [ -71.201811123001747, -32.971552138138073 ], [ -71.201756996001748, -32.97155122613804 ], [ -71.201179397001752, -32.971541495137998 ], [ -71.20074790000173, -32.971498270138063 ], [ -71.200445719001735, -32.971411712138043 ], [ -71.200024650001765, -32.971244176138043 ], [ -71.19962726300173, -32.971000009138052 ], [ -71.199484394001743, -32.970856065138037 ], [ -71.199482713001714, -32.97085437113806 ], [ -71.199451329001704, -32.970822752138027 ], [ -71.19935890200172, -32.970681581138024 ], [ -71.199307787001715, -32.970603508138055 ], [ -71.199192584001707, -32.970436696138059 ], [ -71.199035178001722, -32.970302977138047 ], [ -71.198933500001715, -32.970269860138046 ], [ -71.198734510001714, -32.970219274138067 ], [ -71.198484653001742, -32.970220619138061 ], [ -71.198465999001698, -32.970219173138041 ], [ -71.198235450001718, -32.970228313138058 ], [ -71.198214349001717, -32.970232082138025 ], [ -71.198210464001704, -32.970232776138076 ], [ -71.198003517001723, -32.970269745138019 ], [ -71.19772092600175, -32.970374302138062 ], [ -71.1975640220017, -32.970457639138026 ], [ -71.197505029001718, -32.970488972138021 ], [ -71.19731647800171, -32.970636812138032 ], [ -71.197068037001685, -32.970839411138073 ], [ -71.196943042001735, -32.970914300138027 ], [ -71.196942684001712, -32.970914514138023 ], [ -71.196772749001681, -32.971016330138021 ], [ -71.196354337001679, -32.971157159138066 ], [ -71.196042191001695, -32.971159330138072 ], [ -71.19592266200172, -32.971160161138023 ], [ -71.195626457001694, -32.971134960138059 ], [ -71.195388062001683, -32.971103437138041 ], [ -71.195053548001709, -32.971077065138061 ], [ -71.194943097001698, -32.971085799138052 ], [ -71.19487766900167, -32.971090972138029 ], [ -71.194832229001719, -32.971094565138074 ], [ -71.1947714120017, -32.971107696138077 ], [ -71.194241770001696, -32.971222054138032 ], [ -71.19390816400167, -32.971397796138028 ], [ -71.193781165001695, -32.97144258013806 ], [ -71.193654991001694, -32.971487074138068 ], [ -71.193353584001699, -32.971582961138026 ], [ -71.193053217001676, -32.971654629138001 ], [ -71.1927535430017, -32.971710149138055 ], [ -71.192357053001686, -32.971786966138048 ], [ -71.192114319001703, -32.971833666138025 ], [ -71.192066956001682, -32.971842778138004 ], [ -71.191653046001662, -32.97187864213803 ], [ -71.191298334001672, -32.971875894138051 ], [ -71.191043221001692, -32.971868102138046 ], [ -71.191040003001675, -32.971868004138074 ], [ -71.190963126001705, -32.971865657138018 ], [ -71.190622606001696, -32.971867384138015 ], [ -71.190421656001675, -32.97186992713803 ], [ -71.190248395001674, -32.971872120138009 ], [ -71.190198950001673, -32.971864153138043 ], [ -71.189876959001651, -32.971812272138038 ], [ -71.189541301001668, -32.971700975138056 ], [ -71.189287225001692, -32.971588127138048 ], [ -71.189095227001644, -32.971481215138063 ], [ -71.189048258001662, -32.971452696138051 ], [ -71.189044361001663, -32.971450330138062 ], [ -71.188927003001652, -32.97137907313806 ], [ -71.188625389001686, -32.971256687138066 ], [ -71.18836521800165, -32.97117464313807 ], [ -71.188256388001662, -32.971140324138041 ], [ -71.187984651001656, -32.971103727138043 ], [ -71.187791208001656, -32.971125179138028 ], [ -71.187551242001675, -32.971147064138052 ], [ -71.187357264001662, -32.971197721138019 ], [ -71.187030248001676, -32.971220058138059 ], [ -71.186742582001656, -32.971219348138042 ], [ -71.186301680001677, -32.971213950138065 ], [ -71.185937396001677, -32.971210895138029 ], [ -71.185468804001658, -32.971180398138031 ], [ -71.18523006700164, -32.971156928138058 ], [ -71.185203075001624, -32.971158803138067 ], [ -71.184826084001628, -32.971184990138056 ], [ -71.184526061001662, -32.97124856413803 ], [ -71.184109025001618, -32.971357058138032 ], [ -71.183993930001662, -32.971367343138006 ], [ -71.183839471001633, -32.971381145138039 ], [ -71.183550761001612, -32.971404646137998 ], [ -71.183186826001602, -32.971393510138057 ], [ -71.183003809001619, -32.971369439138009 ], [ -71.182876078001598, -32.971352640138029 ], [ -71.182786320001597, -32.971340835138058 ], [ -71.18261532100162, -32.971303267138019 ], [ -71.182464171001598, -32.971250140138075 ], [ -71.182264059001639, -32.971166381138069 ], [ -71.181694779001617, -32.970913132138037 ], [ -71.181694113001598, -32.970912835138051 ], [ -71.181656871001636, -32.970896267138031 ], [ -71.181647162001596, -32.97089213613804 ], [ -71.181318338001645, -32.970752233138064 ], [ -71.181292919001649, -32.970742009138064 ], [ -71.181145878001615, -32.970674304138029 ], [ -71.180765782001643, -32.970534806138055 ], [ -71.180570818001627, -32.970452136138036 ], [ -71.180440774001625, -32.970396994138021 ], [ -71.180103495001617, -32.970223934138062 ], [ -71.179778487001627, -32.970086121138038 ], [ -71.179576723001617, -32.970000001138054 ], [ -71.179426439001588, -32.969935854138058 ], [ -71.179020308001611, -32.969760682138059 ], [ -71.178585637001603, -32.969607883138082 ], [ -71.178164737001623, -32.969455503138043 ], [ -71.178017802001591, -32.969387841138051 ], [ -71.17799393900161, -32.969376853138073 ], [ -71.177867279001575, -32.969318528138054 ], [ -71.177786654001636, -32.969269563138049 ], [ -71.177705295001601, -32.969243126138075 ], [ -71.177310830001588, -32.969096655138109 ], [ -71.177297904001591, -32.969091855138096 ], [ -71.176656172001614, -32.968944326138107 ], [ -71.175930814001603, -32.968817477138067 ], [ -71.17542228800157, -32.96877863713808 ], [ -71.175084061001584, -32.968768265138131 ], [ -71.175081317001613, -32.968768181138074 ], [ -71.175022929001599, -32.968766391138082 ], [ -71.174833318001603, -32.968760576138074 ], [ -71.174609799001558, -32.968753721138121 ], [ -71.174292065001609, -32.968767224138091 ], [ -71.174043686001582, -32.968771229138078 ], [ -71.173741226001567, -32.968750327138046 ], [ -71.173704827001558, -32.968742327138081 ], [ -71.173372417001559, -32.968669271138069 ], [ -71.173054190001579, -32.968659507138106 ], [ -71.173028143001574, -32.968658709138069 ], [ -71.172888079001581, -32.96866348013809 ], [ -71.172669095001567, -32.968670940138097 ], [ -71.172375896001569, -32.968754930138111 ], [ -71.172344359001585, -32.968777734138072 ], [ -71.172190857001581, -32.968888735138066 ], [ -71.171848822001579, -32.969145580138076 ], [ -71.171451699001608, -32.969400733138094 ], [ -71.17121070600156, -32.969502125138071 ], [ -71.171210137001552, -32.969502364138101 ], [ -71.170988227001558, -32.969595729138092 ], [ -71.170707290001545, -32.969714964138099 ], [ -71.17032995200158, -32.969831238138084 ], [ -71.169939345001595, -32.969935480138041 ], [ -71.169513054001541, -32.97006768413803 ], [ -71.16900876500155, -32.97024979613807 ], [ -71.168451395001568, -32.970383781138047 ], [ -71.16796137300156, -32.970554703138035 ], [ -71.167528947001529, -32.970669275138064 ], [ -71.16713833300156, -32.97077350713807 ], [ -71.166803306001555, -32.970867824138047 ], [ -71.166593225001577, -32.970942731138081 ], [ -71.16658546600155, -32.970953058138043 ], [ -71.166585363001545, -32.970953196138062 ], [ -71.166388375001517, -32.971215400138036 ], [ -71.166369371001565, -32.971251566138051 ], [ -71.166298216001564, -32.97138698213805 ], [ -71.166142212001532, -32.971486799138063 ], [ -71.166088753001517, -32.971508983138065 ], [ -71.166083009001554, -32.971511367138028 ], [ -71.165959669001538, -32.971562552138046 ], [ -71.165655194001531, -32.971588063138029 ], [ -71.165199236001556, -32.97160891513807 ], [ -71.164944506001561, -32.971623394138042 ], [ -71.164535702001544, -32.971646630138032 ], [ -71.164132819001551, -32.971715605138066 ], [ -71.163659067001532, -32.971828892138021 ], [ -71.163366854001524, -32.971889644138066 ], [ -71.163032825001522, -32.971960733138019 ], [ -71.162632453001521, -32.971971663138042 ], [ -71.162204034001519, -32.971993351138046 ], [ -71.162104603001552, -32.972015553138021 ], [ -71.161883776001531, -32.972064862138026 ], [ -71.161643628001542, -32.972196952138049 ], [ -71.16151566600152, -32.972286002138048 ], [ -71.16145957500153, -32.972307523138028 ], [ -71.161351470001492, -32.972356740138018 ], [ -71.160971543001509, -32.972431984138041 ], [ -71.160634398001505, -32.972415794138037 ], [ -71.160304387001489, -32.972394012138054 ], [ -71.159975386001534, -32.972349011138029 ], [ -71.159785101001503, -32.972285035138057 ], [ -71.159700004001493, -32.972264293138032 ], [ -71.159403027001488, -32.972191906138036 ], [ -71.159048497001507, -32.972099623138028 ], [ -71.158735784001522, -32.971997005138057 ], [ -71.158638651001482, -32.971985784138035 ], [ -71.158633673001475, -32.971985209138047 ], [ -71.158598574001473, -32.97198115513806 ], [ -71.158324659001508, -32.971937849138037 ], [ -71.15815940500147, -32.971932759138042 ], [ -71.157772299001522, -32.971955703138065 ], [ -71.157604026001479, -32.972020261138013 ], [ -71.157352621001507, -32.972093881138036 ], [ -71.157155797001522, -32.972180803138031 ], [ -71.157127786001467, -32.972207785138018 ], [ -71.157127528001467, -32.972208034138013 ], [ -71.156968715001483, -32.97236101513807 ], [ -71.156766856001468, -32.972564018138009 ], [ -71.15653694900152, -32.972777778138017 ], [ -71.156278995001514, -32.973002298138042 ], [ -71.15611499000147, -32.973079987138 ], [ -71.156114150001471, -32.97308038513799 ], [ -71.156025571001521, -32.973122346138005 ], [ -71.155759384001499, -32.973218753138021 ], [ -71.155523760001458, -32.973246361138003 ], [ -71.155465911001485, -32.973249697138037 ], [ -71.155461505001483, -32.973249951138008 ], [ -71.155261097001457, -32.97326151013803 ], [ -71.154849970001507, -32.97320234213803 ], [ -71.154768429001479, -32.973176604137997 ], [ -71.154523488001473, -32.973099289137991 ], [ -71.154174500001488, -32.97287930613804 ], [ -71.153884128001494, -32.972579765138022 ], [ -71.153663621001471, -32.97225913113806 ], [ -71.153535780001476, -32.972154219138012 ], [ -71.153532208001451, -32.97215128713804 ], [ -71.153383999001477, -32.972029661138045 ], [ -71.152949874001465, -32.971865166138052 ], [ -71.152916534001491, -32.971855242138027 ], [ -71.152514238001501, -32.971735494138031 ], [ -71.151968941001456, -32.971590814138032 ], [ -71.151737445001487, -32.971484152138039 ], [ -71.151736090001506, -32.971483528138037 ], [ -71.151617444001474, -32.971428862138069 ], [ -71.15130928100146, -32.971221756138064 ], [ -71.15120134300146, -32.971107842138046 ], [ -71.151065357001443, -32.970964325138048 ], [ -71.150963388001486, -32.970665528138085 ], [ -71.150824074001463, -32.97043445913809 ], [ -71.150823030001476, -32.970432727138039 ], [ -71.150821788001466, -32.970430668138043 ], [ -71.150585137001457, -32.970279272138058 ], [ -71.150034748001445, -32.970246732138065 ], [ -71.149622633001485, -32.970210763138049 ], [ -71.149167691001452, -32.970208341138068 ], [ -71.148892275001486, -32.970199838138079 ], [ -71.148855301001461, -32.970205838138043 ], [ -71.148531209001433, -32.970258430138045 ], [ -71.148059974001455, -32.970313618138093 ], [ -71.147711163001432, -32.97040745513808 ], [ -71.147431205001467, -32.970503420138037 ], [ -71.147174132001467, -32.970581017138066 ], [ -71.147170237001447, -32.970582193138078 ], [ -71.147151751001459, -32.970587774138046 ], [ -71.146629973001453, -32.970536784138083 ], [ -71.146281990001469, -32.970385385138087 ], [ -71.146169843001431, -32.970336593138043 ], [ -71.145955065001431, -32.970202098138053 ], [ -71.145770855001444, -32.969998809138048 ], [ -71.145597187001442, -32.969713338138064 ], [ -71.145596988001444, -32.96971301113804 ], [ -71.145590687001459, -32.969702654138047 ], [ -71.145327391001445, -32.969415555138077 ], [ -71.145021776001443, -32.969150395138087 ], [ -71.144703906001439, -32.968849985138085 ], [ -71.144477886001425, -32.968657023138107 ], [ -71.144264123001449, -32.968499311138082 ], [ -71.144021306001434, -32.968375571138075 ], [ -71.143741285001454, -32.968314608138073 ], [ -71.143562775001428, -32.968297464138104 ], [ -71.143216494001408, -32.968333252138109 ], [ -71.142826881001426, -32.968414191138088 ], [ -71.142710206001411, -32.96844054713808 ], [ -71.142464808001407, -32.968495981138098 ], [ -71.141774771001437, -32.968509508138077 ], [ -71.141430006001414, -32.96851046513806 ], [ -71.141044939001446, -32.968486929138102 ], [ -71.140328373001438, -32.968476380138078 ], [ -71.139940982001434, -32.968381886138104 ], [ -71.139937238001409, -32.968380973138096 ], [ -71.139891767001387, -32.968369882138113 ], [ -71.139567345001439, -32.968220360138098 ], [ -71.139531462001443, -32.968189617138059 ], [ -71.139328074001384, -32.968015358138054 ], [ -71.139131633001426, -32.967776809138122 ], [ -71.139026521001398, -32.967638907138117 ], [ -71.139025921001434, -32.967638120138069 ], [ -71.1389229380014, -32.967503010138103 ], [ -71.138838449001383, -32.967392163138065 ], [ -71.138714247001388, -32.967229213138062 ], [ -71.138508782001423, -32.967021351138115 ], [ -71.138508715001393, -32.967021284138085 ], [ -71.138252016001417, -32.966761590138127 ], [ -71.138202341001403, -32.966730808138095 ], [ -71.137916363001438, -32.966553600138077 ], [ -71.137632250001403, -32.96642856813812 ], [ -71.137570168001403, -32.966412041138099 ], [ -71.137570093001401, -32.966412021138076 ], [ -71.137236966001424, -32.966323341138114 ], [ -71.136817550001368, -32.966277045138114 ], [ -71.136797843001403, -32.966274870138108 ], [ -71.136271041001422, -32.966339917138093 ], [ -71.135838075001416, -32.966431184138123 ], [ -71.135835206001403, -32.966431789138099 ], [ -71.135742216001432, -32.966451391138101 ], [ -71.13540358500137, -32.966469959138124 ], [ -71.135077661001404, -32.966355251138118 ], [ -71.134688456001356, -32.96611072213809 ], [ -71.134356358001369, -32.965821469138149 ], [ -71.134086429001414, -32.965371416138154 ], [ -71.133850724001377, -32.965085150138144 ], [ -71.133790120001393, -32.965002056138125 ], [ -71.133642560001377, -32.964799737138122 ], [ -71.133341048001398, -32.964441690138102 ], [ -71.133023236001421, -32.964141254138134 ], [ -71.1328319490014, -32.96397595913816 ], [ -71.132828143001404, -32.963972670138148 ], [ -71.13274420200139, -32.963900136138122 ], [ -71.132575780001403, -32.963739233138149 ], [ -71.132492709001369, -32.963659871138141 ], [ -71.132266732001355, -32.963466891138125 ], [ -71.132163616001378, -32.963384313138135 ], [ -71.132163360001357, -32.963384108138158 ], [ -71.13204024700137, -32.963285518138143 ], [ -71.131837323001378, -32.963149488138143 ], [ -71.131785720001403, -32.963114897138148 ], [ -71.131422557001358, -32.962906038138165 ], [ -71.131082882001408, -32.962790892138187 ], [ -71.130851336001385, -32.962725594138149 ], [ -71.130563701001378, -32.96268180213815 ], [ -71.130329621001394, -32.962674540138174 ], [ -71.130095544001378, -32.962667278138177 ], [ -71.12992327700141, -32.962660697138169 ], [ -71.129505995001381, -32.962590870138186 ], [ -71.129330036001349, -32.96251567013816 ], [ -71.129197919001371, -32.962383713138138 ], [ -71.129039784001378, -32.96221608013817 ], [ -71.129007685001369, -32.962170895138172 ], [ -71.128870921001393, -32.961978372138191 ], [ -71.128685758001367, -32.961798276138175 ], [ -71.128560662001391, -32.961691854138181 ], [ -71.12847305400139, -32.961617324138189 ], [ -71.128287891001364, -32.961437227138177 ], [ -71.128088452001393, -32.961268310138209 ], [ -71.127945103001338, -32.96107788713821 ], [ -71.12769718200137, -32.960756361138216 ], [ -71.127622671001376, -32.960713060138211 ], [ -71.127475319001377, -32.960627428138167 ], [ -71.127312118001356, -32.960575869138204 ], [ -71.127267103001358, -32.960563499138196 ], [ -71.127121382001391, -32.960523454138169 ], [ -71.12693267500137, -32.960424608138204 ], [ -71.126758749001368, -32.960302975138227 ], [ -71.126668281001372, -32.960157308138186 ], [ -71.126666278001338, -32.960154083138193 ], [ -71.126604173001354, -32.960054085138196 ], [ -71.126480686001358, -32.9597247971382 ], [ -71.126453579001378, -32.959398503138232 ], [ -71.126446927001339, -32.959369320138208 ], [ -71.126387634001361, -32.959109216138195 ], [ -71.126313922001344, -32.958904177138209 ], [ -71.126313481001347, -32.958902951138221 ], [ -71.12627105000135, -32.958784925138211 ], [ -71.126185549001335, -32.958565865138226 ], [ -71.126164151001333, -32.958511040138212 ], [ -71.126071587001348, -32.958204446138225 ], [ -71.126071027001359, -32.958202590138242 ], [ -71.126060313001375, -32.958167102138198 ], [ -71.12599033800133, -32.95786430013824 ], [ -71.125971732001361, -32.957764063138228 ], [ -71.125928147001346, -32.957529259138219 ], [ -71.125927941001365, -32.957528148138259 ], [ -71.125922986001356, -32.957501454138203 ], [ -71.125781790001355, -32.957196441138194 ], [ -71.125732285001362, -32.957116727138249 ], [ -71.125604110001362, -32.956910338138229 ], [ -71.12541193600137, -32.956683907138242 ], [ -71.125393481001339, -32.956668391138265 ], [ -71.125388967001328, -32.956664596138225 ], [ -71.125121427001346, -32.95643967613821 ], [ -71.12488120700138, -32.956257864138223 ], [ -71.124635419001351, -32.956111572138212 ], [ -71.124572148001349, -32.956073914138216 ], [ -71.124162322001339, -32.95590354013823 ], [ -71.123953029001328, -32.955850084138255 ], [ -71.123950055001345, -32.955849324138278 ], [ -71.123715634001329, -32.955789451138266 ], [ -71.123653975001346, -32.95578573813826 ], [ -71.123504217001326, -32.955776719138278 ], [ -71.123500000001343, -32.955776465138278 ], [ -71.123371839001337, -32.955768748138262 ], [ -71.123339498001329, -32.955771919138279 ], [ -71.12322751200135, -32.955782901138228 ], [ -71.123226905001331, -32.95578296113824 ], [ -71.123061467001335, -32.955799185138268 ], [ -71.122874665001362, -32.955785064138226 ], [ -71.122836372001316, -32.955782169138274 ], [ -71.122553678001339, -32.955723277138254 ], [ -71.12243712200133, -32.95568290213825 ], [ -71.122435902001328, -32.955682479138254 ], [ -71.122331211001338, -32.955646216138263 ], [ -71.122218986001329, -32.955600353138266 ], [ -71.122039273001363, -32.955526911138286 ], [ -71.121783823001365, -32.955388698138243 ], [ -71.121659750001299, -32.955304048138245 ], [ -71.121636669001319, -32.955288301138239 ], [ -71.121552988001326, -32.955231209138269 ], [ -71.121286982001322, -32.955062602138234 ], [ -71.120848183001328, -32.954768373138286 ], [ -71.120423883001308, -32.954414467138292 ], [ -71.120111560001305, -32.954155095138269 ], [ -71.119884833001322, -32.95396680613829 ], [ -71.119759836001322, -32.954247544138248 ], [ -71.119600441001353, -32.954605539138264 ], [ -71.119558517001337, -32.954671961138274 ], [ -71.119376056001329, -32.954896718138279 ], [ -71.119329781001341, -32.954952152138283 ], [ -71.119328286001348, -32.954953943138264 ], [ -71.119178698001349, -32.955133141138262 ], [ -71.119071729001348, -32.955216905138279 ], [ -71.118970154001317, -32.955296446138277 ], [ -71.118704145001331, -32.95545796413824 ], [ -71.118606963001284, -32.955529565138228 ], [ -71.118604901001319, -32.955531084138265 ], [ -71.118451441001284, -32.955644150138248 ] ] ] ] } }
]
}
